UBIGEO,ANIO,PROD_SUM,COSE_SUM,PRECIO_MEAN,PRECIO_COUNT,PROD_KG_SUM,REND_THA_ANUAL,PRECIO_POND
200101,2015,24771.322,1922.0,1.4280701754385965,57,24771322.0,12.888304890738814,1.517365120844176
200101,2016,38524.195,3015.0,1.7829629629629629,135,38524195.0,12.777510779436152,1.650583847371762
200101,2017,54249.755,2875.0,1.7761016949152544,118,54249755.0,18.86948,1.7296018203215848
200101,2018,51626.7,3209.0,1.6620192307692307,104,51626700.0,16.088095980056092,1.690909161344808
200101,2019,37765.58,2550.0,1.5798181818181818,110,37765580.0,14.81003137254902,1.6893602587329521
200101,2020,44622.0,3314.0,1.4498347107438017,121,44622000.0,13.464695232347616,2.0605019945318452
200101,2021,51925.0,3105.0,1.4745454545454546,132,51925000.0,16.723027375201287,1.9053794896485314
200101,2022,43490.8,2997.0,1.7175229357798165,109,43490800.0,14.511444778111446,1.6957958924646133
200101,2023,38278.0,3209.0,1.9307017543859648,114,38278000.0,11.92832658148956,2.0178209415329955
200101,2024,29277.0,321.0,1.8739823008849557,113,29277000.0,91.20560747663552,1.4067360043720327
200104,2015,108703.54,3611.0,1.4808333333333332,48,108703540.0,30.103445029077815,2.872540213501787
200104,2016,132730.01,4111.0,2.2444,100,132730010.0,32.28655071758696,2.087908567173317
200104,2017,146532.88,4213.0,2.2108235294117646,85,146532880.0,34.78112508901021,1.8856725876131009
200104,2018,134000.41,4997.0,2.015205479452055,73,134000410.0,26.816171703021812,2.7905953048949628
200104,2019,122861.15,4828.0,1.5320224719101123,89,122861150.0,25.447628417564207,2.576060373844783
200104,2020,95616.0,5441.0,1.6704545454545454,88,95616000.0,17.573240213196105,3.1049561788821953
200104,2021,144984.0,5202.0,1.6148235294117645,85,144984000.0,27.870818915801614,3.604418556530376
200104,2022,114194.0,6788.0,2.0433333333333334,87,114194000.0,16.82292280494991,3.397381999054241
200104,2023,175948.0,5775.0,2.305205479452055,73,175948000.0,30.467186147186148,3.6016939095641893
200104,2024,79392.0,1066.0,1.5671232876712329,73,79392000.0,74.4765478424015,3.3394061114469973
200105,2015,8454.16,2007.0,1.4902272727272725,44,8454160.0,4.212336821126058,1.1761098678047257
200105,2016,42061.206,5473.0,1.9370399999999999,125,42061206.0,7.685219440891649,1.2457268105912132
200105,2017,22945.395,3313.0,1.699223300970874,103,22945395.0,6.9258662843344405,1.3250894133659499
200105,2018,38978.64,5764.0,1.5110416666666666,96,38978640.0,6.7624288688410825,1.2164667623087928
200105,2019,33681.82,5700.0,1.4468032786885245,122,33681820.0,5.909091228070175,1.1797806650590734
200105,2020,35754.0,5228.0,1.5535294117647058,119,35754000.0,6.838944146901301,1.5023390389886446
200105,2021,50817.0,7471.0,1.4537007874015748,127,50817000.0,6.801900682639539,1.4477985713442352
200105,2022,36029.0,6672.0,1.8203883495145632,103,36029000.0,5.4000299760191846,2.1973299286685726
200105,2023,27113.0,4666.0,2.1675,108,27113000.0,5.810758679811402,1.7552340205805332
200105,2024,39428.0,4852.0,1.8619444444444444,108,39428000.0,8.126133553173949,1.7085096885462108
200107,2015,4789.0,868.0,1.325952380952381,42,4789000.0,5.517281105990784,1.1527813739820423
200107,2016,21019.0,2490.0,1.4234408602150537,93,21019000.0,8.44136546184739,1.4270807364765212
200107,2017,13066.0,1226.0,1.3453947368421053,76,13066000.0,10.65742251223491,1.3305984999234655
200107,2018,18620.0,2365.0,1.4926923076923078,78,18620000.0,7.873150105708246,1.6258818474758325
200107,2019,18624.0,2584.0,1.4165,100,18624000.0,7.207430340557275,1.4546606529209622
200107,2020,26592.0,2553.0,1.4696296296296296,108,26592000.0,10.415981198589895,2.3035224879663057
200107,2021,35943.0,3093.0,1.530377358490566,106,35943000.0,11.620756547041706,2.33731074200818
200107,2022,26444.0,3827.0,1.8057608695652174,92,26444000.0,6.909851058270186,2.544987520798669
200107,2023,26440.0,2027.0,2.076962025316456,79,26440000.0,13.043907252096695,2.944950075642965
200107,2024,25810.0,2515.0,1.7737179487179486,78,25810000.0,10.262425447316103,2.3788004649360714
200108,2015,2785.0,742.0,1.4891666666666667,12,2785000.0,3.753369272237197,1.219576301615799
200108,2016,19366.0,2491.0,1.3391891891891892,37,19366000.0,7.774387796065837,1.1943462769802746
200108,2017,10432.0,1574.0,1.5713513513513513,37,10432000.0,6.627700127064803,1.2212710889570553
200108,2018,11541.0,1730.0,1.53,31,11541000.0,6.671098265895954,1.2452265834849667
200108,2019,10954.0,1982.0,1.092857142857143,49,10954000.0,5.5267406659939455,1.40584261457002
200108,2020,13721.0,2030.0,1.1621875,64,13721000.0,6.7591133004926105,1.3739326579695357
200108,2021,17306.0,2343.0,1.3111267605633803,71,17306000.0,7.38625693555271,1.3482745868484918
200108,2022,17798.0,3224.0,1.7367692307692308,65,17798000.0,5.520471464019852,1.8491263063265535
200108,2023,15787.0,2148.0,2.093132530120482,83,15787000.0,7.349627560521415,1.4668543738519035
200108,2024,21752.0,2331.0,1.5984810126582278,79,21752000.0,9.331617331617332,1.4597494483265907
200109,2015,1044.17,592.0,1.0941025641025641,39,1044170.0,1.7638006756756759,1.9779365429001026
200109,2016,46589.4,5432.0,1.0966279069767442,86,46589400.0,8.576840942562592,1.2688414102778744
200109,2017,24070.0,3567.0,1.3005479452054793,73,24070000.0,6.747967479674797,1.3486439551308682
200109,2018,38829.0,5012.0,1.0949295774647887,71,38829000.0,7.7472067039106145,1.1623433516186354
200109,2019,39539.0,6006.0,1.0905479452054794,73,39539000.0,6.583250083250083,1.0785803889830294
200109,2020,41107.0,4640.0,1.3911494252873564,87,41107000.0,8.85926724137931,1.3241477120685041
200109,2021,45257.0,5035.0,1.46340206185567,97,45257000.0,8.988480635551142,1.234311377245509
200109,2022,36000.0,6715.0,1.858125,96,36000000.0,5.361131794489948,2.0833825
200109,2023,35323.0,5396.0,2.2263953488372095,86,35323000.0,6.546145292809489,1.5568230331512045
200109,2024,49706.0,6621.0,1.965301204819277,83,49706000.0,7.507325177465639,1.6628861706836198
200110,2015,5446.26,1082.0,0.8667741935483871,31,5446260.0,5.033512014787431,1.0338500181776118
200110,2016,39512.4,4712.0,0.9052238805970149,67,39512400.0,8.385483870967743,1.2277019366072424
200110,2017,27723.0,4465.0,1.0114925373134327,67,27723000.0,6.208958566629339,1.251927280597338
200110,2018,31580.0,4210.0,1.0881818181818181,66,31580000.0,7.501187648456057,1.1001310956301458
200110,2019,36441.0,5852.0,0.99265625,64,36441000.0,6.227101845522898,1.0627043714497406
200110,2020,37627.0,4919.0,1.2702380952380952,84,37627000.0,7.64931896726977,1.362548170196933
200110,2021,38846.0,4649.0,1.3705479452054794,73,38846000.0,8.355775435577543,1.2494645523348606
200110,2022,36468.0,6011.0,1.9437499999999999,72,36468000.0,6.06687739144901,2.0137600087748164
200110,2023,21909.0,3323.0,2.57,46,21909000.0,6.593138730063196,1.600237801816605
200110,2024,52757.0,6452.0,2.191521739130435,46,52757000.0,8.17684438933664,1.5568815512633394
200111,2015,23868.85,3673.0,1.1169047619047618,42,23868850.0,6.4984617478900075,1.1972459921613317
200111,2016,50902.9,6461.0,1.211123595505618,89,50902900.0,7.878486302429964,1.0902714776564792
200111,2017,56447.53,8636.0,1.5907317073170733,82,56447530.0,6.536305002315887,0.9834021081170425
200111,2018,65671.9,6623.0,1.394074074074074,81,65671900.0,9.91573305148724,0.8555596838221522
200111,2019,85635.0,9413.0,1.2746052631578948,76,85635000.0,9.09752469988314,1.095026099141706
200111,2020,51389.0,7555.0,1.4896491228070174,57,51389000.0,6.801985440105891,1.5093518068069043
200111,2021,47453.0,6340.0,1.5375806451612903,62,47453000.0,7.484700315457413,1.1719406570712072
200111,2022,72600.0,6261.0,2.2340298507462686,67,72600000.0,11.595591758505032,1.0280133608815427
200111,2023,45429.0,6975.0,2.8144155844155847,77,45429000.0,6.513118279569892,1.2553657355433754
200111,2024,52829.0,2970.0,3.2732876712328767,73,52829000.0,17.787542087542086,1.2465312612390922
200114,2015,153855.27000000002,24569.0,1.2174074074074073,54,153855270.0,6.262170621514918,0.9878146000458743
200114,2016,348004.86,28593.0,1.377280701754386,114,348004860.0,12.17098100933795,0.6715871151914373
200114,2017,292485.169,35763.0,1.6210280373831774,107,292485169.0,8.178429354360652,0.6829704551617795
200114,2018,303342.0,30865.0,1.4569,100,303342000.0,9.828025271342945,0.6187535191302227
200114,2019,480335.0,31263.0,1.4572727272727273,88,480335000.0,15.364328439369222,1.0297183007692547
200114,2020,430373.0,29267.0,1.5944444444444446,63,430373000.0,14.705060306830218,1.8397285610389127
200114,2021,434417.0,33469.0,1.5232222222222223,90,434417000.0,12.979682691445815,1.1066057037362718
200114,2022,455878.0,31447.0,2.3476041666666667,96,455878000.0,14.496708748052278,1.0695421582089946
200114,2023,307690.0,44941.0,2.726571428571429,105,307690000.0,6.846532119890523,1.252398355487666
200114,2024,357482.0,6083.0,2.7858653846153847,104,357482000.0,58.767384514219955,0.882869710922508
200201,2015,12261.0,4643.0,1.2694444444444444,54,12261000.0,2.640749515399526,0.5405880433896093
200201,2016,27225.734,5570.0,1.1264,150,27225734.0,4.887923518850988,0.406364507932091
200201,2017,26394.095,5356.0,1.1370422535211269,142,26394095.0,4.927949029126214,0.4210360309758679
200201,2018,23480.2,4581.0,1.0403816793893128,131,23480200.0,5.12556210434403,0.3488026081549561
200201,2019,25429.56,4342.0,0.9926315789473684,114,25429560.0,5.856646706586827,0.3604926707343737
200201,2020,26057.0,4538.0,1.1165040650406506,123,26057000.0,5.741956809167034,0.463445907049929
200201,2021,26034.0,5141.0,1.240409836065574,122,26034000.0,5.063995331647539,0.5288288392102635
200201,2022,21946.0,5116.0,1.371967213114754,122,21946000.0,4.289679437060204,0.5853444819101431
200201,2023,25805.0,5738.0,1.5811347517730496,141,25805000.0,4.497211571976298,0.7438856810695602
200201,2024,30122.0,4776.0,1.5201204819277108,166,30122000.0,6.306951423785595,0.6922873647168183
200202,2015,37514.0,9118.0,0.75,21,37514000.0,4.1142794472472035,0.2828677293810311
200202,2016,65433.0,8337.0,0.5873170731707318,41,65433000.0,7.848506657070889,0.45830544220806013
200202,2017,135400.0,10204.0,1.226923076923077,52,135400000.0,13.269306154449236,0.45655317577548005
200202,2018,135923.0,9723.0,0.8929824561403509,57,135923000.0,13.979533065926155,0.4411865541519831
200202,2019,130678.0,10192.0,0.9083333333333333,60,130678000.0,12.82162480376766,0.42361147247432623
200202,2020,61413.0,8896.0,0.8041509433962264,53,61413000.0,6.903439748201439,0.3282122677608975
200202,2021,20202.0,9625.0,1.0621818181818181,55,20202000.0,2.098909090909091,0.7454539154539155
200202,2022,19920.0,10152.0,1.420566037735849,53,19920000.0,1.962174940898345,0.8537675702811245
200202,2023,15972.0,9748.0,2.3228301886792453,53,15972000.0,1.6384899466557243,1.2250544703230655
200202,2024,25811.0,3963.0,1.880952380952381,63,25811000.0,6.512995205652284,0.7566684746813375
200203,2015,9131.0,1530.0,1.1346153846153846,39,9131000.0,5.96797385620915,0.27206220567298217
200203,2016,20385.0,2126.0,1.0868478260869565,92,20385000.0,9.588428974600188,0.25274172185430466
200203,2017,19982.0,2106.0,1.1433673469387755,98,19982000.0,9.488129154795821,0.29186768091282156
200203,2018,17879.0,1374.0,1.137752808988764,89,17879000.0,13.012372634643377,0.27409922255159686
200203,2019,18487.0,1230.0,0.9514606741573033,89,18487000.0,15.030081300813007,0.2411240331043436
200203,2020,26178.0,1229.0,0.9929761904761905,84,26178000.0,21.300244100895036,0.2430708992283597
200203,2021,19871.0,1415.0,1.1153125,96,19871000.0,14.043109540636042,0.2703683760253636
200203,2022,22258.0,1470.0,1.4285567010309277,97,22258000.0,15.141496598639456,0.32343921286728367
200203,2023,24313.0,1831.0,1.6721818181818182,110,24313000.0,13.278536318951392,0.294508699049891
200203,2024,22605.0,641.0,1.5031578947368422,114,22605000.0,35.26521060842434,0.2856469807564698
200204,2015,1544.0,1762.0,0.9816666666666667,30,1544000.0,0.8762769580022701,1.4036917098445596
200204,2016,2237.0,1929.0,0.7386363636363636,66,2237000.0,1.15966822187662,1.5017434063477872
200204,2017,1660.0,1417.0,0.7001666666666666,60,1660000.0,1.1714890613973183,1.3568313253012048
200204,2018,2443.0,2958.0,0.6660714285714285,56,2443000.0,0.8258958755916159,1.2329922226770365
200204,2019,1903.0,1822.0,0.9769811320754718,53,1903000.0,1.044456641053787,1.4784130320546505
200204,2020,3246.0,2783.0,0.8450819672131147,61,3246000.0,1.1663672296083363,1.330637707948244
200204,2021,2988.0,2713.0,1.1175675675675676,74,2988000.0,1.1013638039071139,1.7449866131191432
200204,2022,3350.0,3315.0,1.0604477611940297,67,3350000.0,1.0105580693815988,1.5757164179104477
200204,2023,3576.0,3477.0,1.3127272727272727,77,3576000.0,1.0284728213977568,1.75
200204,2024,4117.0,3569.0,1.4104819277108434,83,4117000.0,1.1535444101989352,1.813985912071897
200205,2015,12115.0,2802.0,1.3214285714285714,35,12115000.0,4.323697359029265,0.309508873297565
200205,2016,32004.368,3199.0,1.2302586206896553,116,32004368.0,10.004491403563613,0.22002871608025504
200205,2017,36426.435,3696.0,1.2808333333333333,120,36426435.0,9.855637175324675,0.26254869574801926
200205,2018,27715.85,2659.0,1.3820535714285713,112,27715850.0,10.423411056788266,0.23936898922457728
200205,2019,29587.56,2717.0,1.0721568627450981,102,29587560.0,10.88979020979021,0.20752775828760467
200205,2020,39577.0,2326.0,1.2359375000000001,96,39577000.0,17.015047291487534,0.23260100563458574
200205,2021,34128.0,2769.0,1.3218627450980391,102,34128000.0,12.325027085590467,0.2921305086732302
200205,2022,28911.0,2874.0,1.5940425531914895,94,28911000.0,10.059498956158665,0.3189101034208433
200205,2023,29969.0,3258.0,1.7918260869565217,115,29969000.0,9.198588090853285,0.3230484834328806
200205,2024,30941.0,827.0,1.730373831775701,107,30941000.0,37.41354292623942,0.30349245337901165
200206,2015,5086.0,3370.0,1.4857142857142858,21,5086000.0,1.5091988130563798,0.9343295320487613
200206,2016,13357.0,8426.0,1.2734177215189872,79,13357000.0,1.5852124376928554,1.402530508347683
200206,2017,13359.665,10393.0,1.3044186046511628,86,13359665.0,1.285448378716444,1.4120724584037099
200206,2018,12437.0,9233.0,1.308139534883721,86,12437000.0,1.3470161377667065,1.292474069309319
200206,2019,15040.0,9780.0,1.203448275862069,87,15040000.0,1.5378323108384457,1.217559840425532
200206,2020,14615.0,7704.0,1.1741176470588235,85,14615000.0,1.897066458982347,1.1980841601094765
200206,2021,16861.0,7950.0,1.596987951807229,83,16861000.0,2.120880503144654,1.228339363027104
200206,2022,15141.0,8655.0,1.5376190476190477,84,15141000.0,1.7493934142114385,1.5991889571362525
200206,2023,10550.0,6108.0,1.8928205128205127,78,10550000.0,1.7272429600523902,2.046618009478673
200206,2024,17656.0,9898.0,1.7806666666666668,75,17656000.0,1.7837947060012123,1.6872978024467602
200207,2015,10078.0,2079.0,1.665625,32,10078000.0,4.847522847522847,1.3047251438777536
200207,2016,19130.6,3719.0,1.5907352941176471,68,19130600.0,5.1440172089271305,1.2797042434633519
200207,2017,15519.2,3081.0,1.6341558441558441,77,15519200.0,5.037065887698799,1.0693167173565647
200207,2018,18308.0,2977.0,1.522674418604651,86,18308000.0,6.149815250251931,0.9770089578326415
200207,2019,14136.5,2744.0,1.2735185185185185,54,14136500.0,5.151785714285714,1.0211346514342305
200207,2020,13185.0,1881.0,1.3094871794871794,39,13185000.0,7.009569377990431,1.147100492984452
200207,2021,16247.0,2569.0,1.232063492063492,63,16247000.0,6.32425068119891,1.2615738290145873
200207,2022,17778.0,2294.0,2.045921052631579,76,17778000.0,7.749782040104621,1.346617167285409
200207,2023,15118.0,2096.0,2.370487804878049,82,15118000.0,7.212786259541985,1.4792194734753275
200207,2024,16440.0,1871.0,2.772771084337349,83,16440000.0,8.786745056119722,1.512970802919708
200208,2015,4035.0,4451.0,1.5042307692307693,26,4035000.0,0.9065378566614244,1.620991325898389
200208,2016,7391.6,4726.0,1.3198076923076922,52,7391600.0,1.5640287769784174,1.5549312733373017
200208,2017,8015.2,4792.0,1.481896551724138,58,8015200.0,1.6726210350584307,1.5774154107196328
200208,2018,5518.0,3763.0,1.7001369863013698,73,5518000.0,1.4663832048897156,1.5058934396520478
200208,2019,6057.0,3425.0,1.5774193548387097,62,6057000.0,1.7684671532846716,1.4964503879808486
200208,2020,5726.0,3543.0,1.65140625,64,5726000.0,1.616144510302004,1.6426894865525672
200208,2021,4879.8,3791.0,1.885820895522388,67,4879800.0,1.287206541809549,2.0265051846387148
200208,2022,4108.0,3942.0,2.4792682926829266,82,4108000.0,1.0421106037544394,2.4555744888023368
200208,2023,4427.0,4255.0,2.810151515151515,66,4427000.0,1.0404230317273795,2.87468714705218
200208,2024,5314.0,3479.0,3.0446913580246915,81,5314000.0,1.527450416786433,2.4658280015054572
200209,2015,1284.0,656.0,0.893421052631579,38,1284000.0,1.9573170731707317,0.33664330218068533
200209,2016,4843.0,800.0,0.95,83,4843000.0,6.05375,0.31953334709890563
200209,2017,5341.5,776.0,0.9884615384615386,78,5341500.0,6.883376288659794,0.3256107834877843
200209,2018,5805.9,772.0,0.77,80,5805900.0,7.520595854922279,0.2083656280679998
200209,2019,6101.0,756.0,0.6865060240963855,83,6101000.0,8.07010582010582,0.22495656449762333
200209,2020,6055.0,703.0,1.0022222222222223,90,6055000.0,8.613086770981507,0.2588274153592073
200209,2021,7245.0,757.0,1.0639759036144578,83,7245000.0,9.570673712021136,0.3140966183574879
200209,2022,7146.0,694.0,1.3880263157894737,76,7146000.0,10.296829971181555,0.31945703890288274
200209,2023,7892.0,829.0,1.46,84,7892000.0,9.51990349819059,0.390727318803852
200209,2024,7544.0,180.0,1.2986206896551724,87,7544000.0,41.91111111111111,0.2943239660657476
200210,2015,5044.0,707.0,1.7770588235294118,17,5044000.0,7.134370579915134,1.490364789849326
200210,2016,10378.0,1849.0,1.3672916666666666,48,10378000.0,5.612763656030286,1.0982896511851994
200210,2017,8579.0,1621.0,1.2333333333333332,21,8579000.0,5.2924120913016655,1.2429012705443525
200210,2018,7369.0,1172.0,1.0,14,7369000.0,6.287542662116041,1.4025512281177908
200210,2019,7225.0,1235.0,1.3472727272727274,11,7225000.0,5.850202429149798,1.0889965397923875
200210,2020,5026.0,873.0,1.5125,24,5026000.0,5.757159221076747,1.2385395941106248
200210,2021,6011.0,1149.0,1.4951923076923077,52,6011000.0,5.231505657093124,1.1930510730327732
200210,2022,8071.0,1213.0,2.724324324324324,74,8071000.0,6.653751030502885,1.735091066782307
200210,2023,7042.0,1343.0,3.0306451612903227,62,7042000.0,5.243484735666418,1.7233825617722238
200210,2024,9536.0,1342.0,3.4498148148148147,54,9536000.0,7.105812220566319,1.733176384228188
200301,2015,5389.0,1264.0,0.9481632653061225,49,5389000.0,4.263449367088608,0.8120764520319169
200301,2016,14076.34,3909.0,1.0958064516129031,155,14076340.0,3.6010079304169866,0.8549881929535661
200301,2017,12958.091,3470.0,1.1095205479452055,146,12958091.0,3.734320172910663,0.8308386628863773
200301,2018,14572.74,4111.0,1.0935570469798657,149,14572740.0,3.5448163463877402,0.735569288960072
200301,2019,18718.3,4059.0,1.162516129032258,155,18718300.0,4.6115545700911555,0.8309926649321787
200301,2020,19978.0,5207.0,1.286470588235294,153,19978000.0,3.836758210101786,0.9088036840524577
200301,2021,20069.0,5783.0,1.3543636363636364,165,20069000.0,3.470344112052568,1.0437395983855697
200301,2022,20640.0,5585.0,1.5078212290502793,179,20640000.0,3.695613249776186,1.3080101744186046
200301,2023,20262.0,5648.0,1.444242424242424,198,20262000.0,3.5874645892351276,1.5029207383279044
200301,2024,18863.0,5401.0,1.6955851063829785,188,18863000.0,3.4925013886317346,1.270285214440969
200302,2015,6382.0,3160.0,1.1403846153846153,52,6382000.0,2.019620253164557,0.34877781259793167
200302,2016,20307.411,3493.0,1.093925925925926,135,20307411.0,5.813744918408245,0.4770083690136571
200302,2017,19950.745,3395.0,1.1116666666666668,120,19950745.0,5.876508100147275,0.518587150504906
200302,2018,23238.87,3449.0,1.119230769230769,117,23238870.0,6.737857349956509,0.4665078379456488
200302,2019,24324.0,3310.0,1.267007874015748,127,24324000.0,7.348640483383686,0.44202844926821244
200302,2020,36092.0,3419.0,1.187704918032787,122,36092000.0,10.556303012576777,0.450045716502272
200302,2021,24835.0,3309.0,1.2169291338582677,127,24835000.0,7.505288606829858,0.5892663579625529
200302,2022,24089.8,3315.0,1.3896428571428572,140,24089800.0,7.266907993966817,0.5884400036529983
200302,2023,25715.0,3310.0,1.3838993710691823,159,25715000.0,7.768882175226586,0.37015788450320825
200302,2024,25155.0,440.0,1.3957324840764331,157,25155000.0,57.17045454545455,0.39492585967004573
200303,2015,4216.0,1523.0,0.9284210526315789,57,4216000.0,2.768220617202889,0.5554459203036053
200303,2016,11224.3,2805.0,0.9793243243243243,148,11224300.0,4.001532976827094,0.7034558947996757
200303,2017,11618.84,2643.0,0.9490909090909091,143,11618840.0,4.396080211880439,0.6800789063279983
200303,2018,10185.0,2405.0,1.0188666666666666,150,10185000.0,4.234927234927235,0.6566961217476681
200303,2019,11161.0,2458.0,0.9836666666666667,150,11161000.0,4.540683482506102,0.69880924648329
200303,2020,12774.0,2456.0,0.9233333333333333,132,12774000.0,5.20114006514658,0.7089987474557695
200303,2021,15723.0,2961.0,1.0342758620689656,145,15723000.0,5.310030395136778,0.6797048909241239
200303,2022,11945.0,2328.0,1.1826973684210527,152,11945000.0,5.131013745704467,0.9486504813729594
200303,2023,14924.0,3591.0,1.243735632183908,174,14924000.0,4.155945419103314,1.2750006700616456
200303,2024,16652.0,2196.0,1.4914973262032087,187,16652000.0,7.58287795992714,1.345621546961326
200304,2015,22942.0,7839.0,1.6742424242424243,33,22942000.0,2.9266488072458223,0.5684944643012815
200304,2016,36427.785,9738.0,1.1280722891566264,83,36427785.0,3.7407871226124465,0.6152328504189865
200304,2017,36893.995,9787.0,1.166625,80,36893995.0,3.7696939818126087,0.697071298459275
200304,2018,39945.2,9721.0,1.2754945054945055,91,39945200.0,4.109165723690978,0.6095976487788269
200304,2019,30957.45,9405.0,1.202051282051282,78,30957450.0,3.2915948963317385,0.7014227593034956
200304,2020,32557.0,9468.0,1.463768115942029,69,32557000.0,3.4386354034643007,0.7361427649967749
200304,2021,39585.0,10161.0,1.3548101265822785,79,39585000.0,3.8957779746087984,0.7070087154225085
200304,2022,40014.0,9965.0,1.6539240506329114,79,40014000.0,4.015454089312594,0.7553516269305743
200304,2023,48578.0,8965.0,1.6634246575342466,73,48578000.0,5.418627997769102,0.7424708715879617
200304,2024,90664.0,6371.0,2.6869411764705884,170,90664000.0,14.23073300894679,0.9763815847524927
200305,2015,2492.0,1014.0,1.023170731707317,41,2492000.0,2.4575936883629192,0.29809390048154094
200305,2016,8980.0,1171.0,1.160215053763441,93,8980000.0,7.66865926558497,0.3772772828507795
200305,2017,7796.32,1096.0,1.0223404255319148,94,7796320.0,7.113430656934306,0.3675675190346215
200305,2018,8979.0,1180.88,1.1613131313131313,99,8979000.0,7.603651514125058,0.39061476779151355
200305,2019,9538.0,1129.88,1.2578571428571428,112,9538000.0,8.4416044181683,0.40113440972950304
200305,2020,9493.0,1182.88,1.1707272727272728,110,9493000.0,8.025328012985256,0.39566944064047194
200305,2021,10136.0,903.88,1.1825961538461538,104,10136000.0,11.21387794840023,0.4840390686661405
200305,2022,3182.0,889.88,1.422051282051282,39,3182000.0,3.5757630242279856,0.8633029541169076
200305,2023,2114.0,522.0,1.564561403508772,57,2114000.0,4.049808429118774,1.0722232734153263
200305,2024,4712.0,212.0,2.8430666666666666,75,4712000.0,22.22641509433962,0.7743251273344652
200306,2015,5437.0,2406.0,1.1419642857142855,56,5437000.0,2.2597672485453035,0.40843295935258417
200306,2016,18397.0,2689.0,1.1159130434782607,115,18397000.0,6.841576794347341,0.4227433820731641
200306,2017,27458.0,2916.0,1.146551724137931,116,27458000.0,9.416323731138545,0.43521924393619343
200306,2018,21102.0,3018.0,1.0558,100,21102000.0,6.992047713717694,0.4499668277888352
200306,2019,23914.0,2956.0,1.170082644628099,121,23914000.0,8.089986468200271,0.4164401605753952
200306,2020,23840.0,2842.0,1.0408333333333333,120,23840000.0,8.388458831808585,0.4742743288590604
200306,2021,26082.0,3156.0,1.13504,125,26082000.0,8.26425855513308,0.5040062111801242
200306,2022,20469.0,2889.0,1.491276595744681,141,20469000.0,7.085150571131879,0.7264194635790708
200306,2023,24577.0,2955.0,1.5566071428571429,168,24577000.0,8.317089678510998,0.6518562070228262
200306,2024,28538.0,849.0,1.7273863636363636,176,28538000.0,33.61366313309776,0.9237276613637957
200307,2015,6647.0,1232.0,0.9711538461538461,52,6647000.0,5.395292207792208,0.3629787874228976
200307,2016,15153.851999999999,2591.0,1.1535220125786163,159,15153852.0,5.848649942107294,0.4999667411295821
200307,2017,16717.366,2600.0,0.9937341772151899,158,16717366.0,6.429756153846155,0.47531554911222257
200307,2018,14011.94,2630.0,0.9847023809523809,168,14011940.0,5.327733840304183,0.47927174966492864
200307,2019,15247.24,2660.0,0.9796575342465753,146,15247240.0,5.732045112781955,0.4431641398705602
200307,2020,15558.0,2189.0,0.8986861313868614,137,15558000.0,7.1073549566011875,0.36493443887389126
200307,2021,17317.0,2524.0,1.0716428571428571,140,17317000.0,6.860935023771791,0.502394756597563
200307,2022,16202.0,2958.0,1.2510179640718562,167,16202000.0,5.4773495605138605,0.6437631156647328
200307,2023,16258.0,2944.0,1.1313450292397662,171,16258000.0,5.522418478260869,0.6699261901832944
200307,2024,16658.0,1331.0,1.3340659340659342,182,16658000.0,12.515401953418483,0.7064575579301237
200308,2015,3347.0,509.0,0.7086486486486486,37,3347000.0,6.575638506876228,1.2343232745742456
200308,2016,9841.633,3194.0,1.0655284552845528,123,9841633.0,3.0812877269881027,1.2707013155235518
200308,2017,9813.62,2875.0,0.9671186440677967,118,9813620.0,3.413433043478261,1.1048734310071104
200308,2018,10047.7,3145.0,1.1332575757575758,132,10047700.0,3.194817170111288,0.8665764304268638
200308,2019,8763.21,2744.0,1.158030303030303,132,8763210.0,3.193589650145772,1.09259620618472
200308,2020,12634.3,3159.0,1.011025641025641,117,12634300.0,3.9994618550174104,0.9354147044157571
200308,2021,15218.0,3507.0,1.2238167938931297,131,15218000.0,4.339321357285429,1.0613319752924169
200308,2022,9892.0,3437.0,1.3829677419354838,155,9892000.0,2.87809135874309,1.5211049332794178
200308,2023,13132.8,3569.0,1.3293333333333335,150,13132800.0,3.6796861866068924,1.6693134746588694
200308,2024,13944.0,2664.0,1.6596202531645572,158,13944000.0,5.2342342342342345,1.2223350545037293
200401,2015,53058.08,5826.0,1.6413114754098361,61,53058080.0,9.107119807758325,1.641202960981626
200401,2016,108747.64,10743.0,1.9405223880597013,134,108747640.0,10.122651028576747,1.737911287086322
200401,2017,66987.71,10120.0,1.8489423076923077,104,66987710.0,6.619338932806325,1.4609865750001008
200401,2018,58168.5,6802.0,1.7298701298701298,77,58168500.0,8.55167597765363,1.2757798464804835
200401,2019,64329.9,8053.0,1.855,80,64329900.0,7.988314913696759,1.3177705856841064
200401,2020,61861.0,5661.0,1.4815151515151515,66,61861000.0,10.927574633456986,1.8091695898870048
200401,2021,87099.0,8494.0,1.5417241379310345,87,87099000.0,10.254179420767601,1.6499510901388075
200401,2022,90827.0,5991.0,2.0783695652173915,92,90827000.0,15.160574194625271,2.209571162759972
200401,2023,64535.0,8589.0,2.558627450980392,102,64535000.0,7.513680288741414,2.8348770434647865
200401,2024,92375.0,638.0,4.069809523809524,105,92375000.0,144.7884012539185,2.551591556156969
200402,2015,7335.3,1399.0,1.873076923076923,26,7335300.0,5.2432451751250895,1.109852357776778
200402,2016,23613.0,2188.0,1.9917142857142855,70,23613000.0,10.792047531992687,1.0164917630119001
200402,2017,22707.468,2356.0,2.1410344827586205,58,22707468.0,9.638144312393889,1.0651919447822187
200402,2018,21816.888,1870.0,1.8022916666666668,48,21816888.0,11.666785026737967,1.174205780402778
200402,2019,25490.6,2306.0,1.9608474576271187,59,25490600.0,11.054032957502168,1.5139023797007525
200402,2020,22285.0,1969.0,1.6520000000000001,45,22285000.0,11.317927882173692,1.5221960960287189
200402,2021,19239.0,2002.0,1.7966666666666666,48,19239000.0,9.60989010989011,1.5097837725453507
200402,2022,18249.0,1816.0,1.7864102564102564,39,18249000.0,10.049008810572687,1.6546594333936107
200402,2023,18685.0,1368.0,3.354888888888889,45,18685000.0,13.658625730994151,2.212103826598876
200402,2024,18243.0,704.0,5.386,45,18243000.0,25.913352272727273,2.3951915803321824
200403,2015,12311.0,8057.0,2.013793103448276,29,12311000.0,1.5279880848951222,0.7429372106246446
200403,2016,51449.624,7640.0,1.2458823529411764,85,51449624.0,6.734243979057592,0.30923013159435336
200403,2017,21884.918,8235.0,1.0717948717948718,78,21884918.0,2.657549241044323,0.6294932884829635
200403,2018,18586.0,8302.0,1.11,70,18586000.0,2.2387376535774512,0.6847358226622189
200403,2019,15025.0,6236.0,1.0792857142857142,70,15025000.0,2.409397049390635,0.5297237936772047
200403,2020,24174.0,6220.0,1.336470588235294,68,24174000.0,3.8864951768488747,0.52275088938529
200403,2021,17145.0,6157.0,1.4152459016393442,61,17145000.0,2.784635374370635,0.6724963546223389
200403,2022,13446.0,6082.0,1.4081818181818182,66,13446000.0,2.2107859256823414,0.6376446526848133
200403,2023,13873.0,6046.0,1.9517741935483872,62,13873000.0,2.2945749255706254,0.7475780292654797
200403,2024,17828.0,1951.0,1.9824615384615387,65,17828000.0,9.13787801127627,0.8127838231994615
200404,2015,14493.01,1903.0,1.1751162790697676,43,14493010.0,7.615874934314241,0.868104555230418
200404,2016,30433.789,3203.0,1.3301136363636363,88,30433789.0,9.501651264439587,0.9128734841396187
200404,2017,25123.652000000002,3050.0,1.5332911392405062,79,25123652.0,8.237262950819673,0.8884119235531522
200404,2018,22887.93,1416.0,1.4665151515151515,66,22887930.0,16.163792372881357,0.7922136252601262
200404,2019,21618.85,2131.0,1.764179104477612,67,21618850.0,10.14493195682778,0.8994437724485808
200404,2020,24303.0,1588.0,1.592,55,24303000.0,15.304156171284635,0.9487532403406986
200404,2021,28738.0,2441.0,1.7137704918032788,61,28738000.0,11.77304383449406,1.074914399053518
200404,2022,28807.0,1388.0,2.1912903225806453,62,28807000.0,20.754322766570606,1.3450012149824695
200404,2023,19012.0,2441.0,3.1026153846153846,65,19012000.0,7.788611224907824,2.1126641068798655
200404,2024,18225.0,159.0,5.042835820895522,67,18225000.0,114.62264150943396,1.9623813443072702
200405,2015,4651.136,948.0,1.4984848484848485,33,4651136.0,4.906261603375528,1.074076096678317
200405,2016,15390.515,2053.0,1.822528735632184,87,15390515.0,7.49659766195811,0.9969388613701361
200405,2017,13109.849999999999,1936.0,1.9864615384615385,65,13109850.0,6.771616735537189,1.1253195116648933
200405,2018,13724.39,1656.0,1.6020689655172413,58,13724390.0,8.287675120772947,1.0750095268350726
200405,2019,17167.63,2223.0,1.8207575757575758,66,17167630.0,7.722730544309492,1.165857488773931
200405,2020,15167.0,1522.0,1.6062222222222222,45,15167000.0,9.965177398160316,1.3682277312586537
200405,2021,17128.0,1736.0,1.7949056603773583,53,17128000.0,9.866359447004609,1.368344231667445
200405,2022,13969.0,1590.0,1.8388679245283017,53,13969000.0,8.785534591194969,1.6522585725535113
200405,2023,12702.0,1322.0,3.064545454545455,55,12702000.0,9.608169440242058,1.9012612187057156
200405,2024,13111.0,1076.0,5.313269230769231,52,13111000.0,12.184944237918216,2.0384936313019604
200406,2015,3957.78,873.0,1.9726470588235296,34,3957780.0,4.533539518900344,0.9044666454426471
200406,2016,8730.02,1055.0,2.083815789473684,76,8730020.0,8.27490047393365,0.7977732009777755
200406,2017,7012.1,782.0,2.2389655172413794,58,7012100.0,8.96687979539642,0.7972647281128336
200406,2018,6901.178,888.0,2.1474545454545453,55,6901178.0,7.771596846846847,0.8507382362837185
200406,2019,7717.0,1009.0,1.6891999999999998,50,7717000.0,7.64816650148662,0.8761500583128159
200406,2020,6668.0,794.0,1.6376315789473685,38,6668000.0,8.397984886649875,1.0530248950209957
200406,2021,7736.0,731.0,1.9516666666666667,30,7736000.0,10.582763337893297,1.0501421923474663
200406,2022,11521.0,1029.0,2.3651923076923076,52,11521000.0,11.196307094266277,1.3316804096866592
200406,2023,6757.0,1026.0,2.718,35,6757000.0,6.585769980506822,1.9208524493118249
200406,2024,6234.0,525.0,4.08060606060606,66,6234000.0,11.874285714285714,1.712042027590632
200407,2015,3203.45,1189.0,1.77,30,3203450.0,2.694238856181665,1.2118216298053661
200407,2016,11312.0,2216.0,2.28234375,64,11312000.0,5.1046931407942235,1.057057991513437
200407,2017,10503.16,1998.0,1.9830434782608697,69,10503160.0,5.256836836836837,1.2599103507896672
200407,2018,11413.09,2006.0,1.945967741935484,62,11413090.0,5.689476570289132,1.082117112894054
200407,2019,10928.08,2126.0,1.7852459016393443,61,10928080.0,5.140206961429915,0.9845224412705617
200407,2020,10145.0,1928.0,1.6288,50,10145000.0,5.261929460580913,1.283543617545589
200407,2021,9878.0,1730.0,1.6031250000000001,48,9878000.0,5.709826589595376,1.1989866369710467
200407,2022,14471.0,2045.0,2.1219298245614038,57,14471000.0,7.076283618581907,1.497898555732154
200407,2023,10650.0,2299.0,2.515,44,10650000.0,4.632448890822096,1.6875164319248825
200407,2024,6483.0,1180.0,4.0,67,6483000.0,5.494067796610169,3.3483387320684868
200408,2015,14390.0,1191.0,0.9041666666666667,24,14390000.0,12.082283795130143,0.3789367616400278
200408,2016,11397.0,1952.0,0.9901785714285715,56,11397000.0,5.838627049180328,0.5326050715100465
200408,2017,6699.0,1403.0,0.897,60,6699000.0,4.774768353528154,0.872037617554859
200408,2018,7234.0,1942.0,0.8801587301587303,63,7234000.0,3.725025746652935,1.0293060547414985
200408,2019,7325.0,1947.0,0.7803278688524591,61,7325000.0,3.7621982537236773,0.9278088737201365
200408,2020,6724.0,2670.0,0.9439705882352941,68,6724000.0,2.5183520599250935,0.8817995240928019
200408,2021,5386.0,1913.0,0.9712068965517241,58,5386000.0,2.815473078933612,1.0260341626438916
200408,2022,6242.0,2019.0,1.3115151515151515,66,6242000.0,3.091629519564141,1.6154806151874397
200408,2023,5849.0,1792.0,1.8459999999999999,75,5849000.0,3.263950892857143,1.736325867669687
200408,2024,5387.0,772.0,2.1230434782608696,69,5387000.0,6.977979274611399,1.788412845739744
200409,2015,21867.0,4534.0,1.3942857142857141,35,21867000.0,4.822893692104103,0.28310696483285314
200409,2016,38653.28,4929.0,1.2213333333333334,90,38653280.0,7.842012578616352,0.2962698896445528
200409,2017,20178.701,4831.0,1.0938144329896906,97,20178701.0,4.176920099358311,0.5425431498291193
200409,2018,14537.2,4459.0,1.1917647058823528,85,14537200.0,3.2601928683561336,0.3727093250419613
200409,2019,14843.0,4695.0,1.102247191011236,89,14843000.0,3.1614483493077743,0.44101596712254937
200409,2020,18283.0,5138.0,1.105375,80,18283000.0,3.5583884780070067,0.4201247060110485
200409,2021,16914.0,4653.0,1.1779710144927535,69,16914000.0,3.635074145712444,0.4716122738559773
200409,2022,13904.0,4639.0,1.4687179487179487,78,13904000.0,2.99719767191205,0.5288981588032221
200409,2023,11021.0,4219.0,1.7924999999999998,76,11021000.0,2.6122303863474756,0.438927502041557
200409,2024,13109.0,1404.0,1.4736363636363636,77,13109000.0,9.336894586894587,0.6270752917842703
200410,2015,15164.5,1113.0,1.1777272727272727,22,15164500.0,13.624887690925426,0.4740314550430281
200410,2016,30190.815,2159.0,1.5698780487804878,82,30190815.0,13.983703103288558,0.482476160381891
200410,2017,14824.79,2311.0,1.4095588235294116,68,14824790.0,6.414881003894418,0.759052573425998
200410,2018,10516.6,2186.0,1.5776666666666666,60,10516600.0,4.81088746569076,0.8032158682463915
200410,2019,10641.0,2254.0,1.4746031746031747,63,10641000.0,4.720940550133097,0.7729066817028475
200410,2020,8306.0,2068.0,1.3967272727272726,55,8306000.0,4.016441005802708,1.0086323139898867
200410,2021,7231.0,2279.0,1.912909090909091,55,7231000.0,3.1728828433523475,1.3017120730189462
200410,2022,6683.0,2531.0,1.7274999999999998,60,6683000.0,2.6404583168708022,1.596060152626066
200410,2023,5798.0,2226.0,2.973898305084746,59,5798000.0,2.6046720575022464,2.7062866505691616
200410,2024,3011.0,709.0,6.451999999999999,45,3011000.0,4.246826516220028,2.3348522085685817
200502,2015,477.0,56.0,1.6666666666666667,3,477000.0,8.517857142857142,1.2029350104821803
200502,2016,6230.0,664.0,1.15625,8,6230000.0,9.382530120481928,1.2329052969502408
200502,2017,3250.0,425.0,1.3,4,3250000.0,7.647058823529412,1.2341538461538462
200502,2018,5040.0,565.0,1.1566666666666665,6,5040000.0,8.920353982300885,1.0857142857142856
200502,2019,3660.0,410.0,1.2133333333333334,3,3660000.0,8.926829268292684,1.062295081967213
200502,2020,2278.0,254.0,1.1700000000000002,10,2278000.0,8.968503937007874,1.244161545215101
200502,2021,6268.0,682.0,1.3945,20,6268000.0,9.190615835777127,1.2423835354179962
200502,2022,10259.0,698.0,1.285277777777778,36,10259000.0,14.697707736389685,1.2391344185593138
200502,2023,11224.0,833.0,1.2672727272727273,22,11224000.0,13.474189675870349,1.3850294012829651
200502,2024,7251.0,549.0,1.321904761904762,21,7251000.0,13.207650273224044,1.3159771066059853
200503,2015,1014.0,76.0,0.893,10,1014000.0,13.342105263157896,0.9358185404339251
200503,2016,4265.0,270.0,1.0696428571428571,28,4265000.0,15.796296296296296,1.1000937866354044
200503,2017,1373.0,127.0,1.5156666666666667,30,1373000.0,10.811023622047244,1.3131536780772033
200503,2018,1455.0,123.0,1.1576190476190475,21,1455000.0,11.829268292682928,1.0668865979381443
200503,2019,3238.0,207.0,1.123076923076923,26,3238000.0,15.642512077294686,1.0732242124768376
200503,2020,2748.0,188.0,1.3871794871794871,39,2748000.0,14.617021276595745,1.0701055312954877
200503,2021,1575.0,168.0,1.1840000000000002,30,1575000.0,9.375,1.1280444444444444
200503,2022,1564.0,96.0,1.3790322580645162,31,1564000.0,16.291666666666668,1.249648337595908
200503,2023,1259.0,85.0,1.236470588235294,17,1259000.0,14.811764705882354,1.298991262907069
200503,2024,972.0,63.0,1.3845454545454545,22,972000.0,15.428571428571429,1.2900617283950617
200504,2015,8852.0,593.0,1.354,25,8852000.0,14.927487352445194,1.013177812923633
200504,2016,13569.41,923.0,1.8197368421052633,76,13569410.0,14.701419284940412,1.0257940470514193
200504,2017,17619.5,1357.0,1.6228169014084506,71,17619500.0,12.98415622697126,0.9733576435199637
200504,2018,9626.0,827.0,1.46811320754717,53,9626000.0,11.639661426844015,1.0007271971743195
200504,2019,15270.0,1139.0,1.4071830985915492,71,15270000.0,13.40649692712906,1.1525081859855926
200504,2020,14942.0,1135.0,1.196067415730337,89,14942000.0,13.164757709251102,1.1384051666443582
200504,2021,17240.0,1399.0,1.243048780487805,82,17240000.0,12.323087919942816,1.1370649651972158
200504,2022,26423.0,2096.0,1.4358181818181819,110,26423000.0,12.606393129770993,1.209741134617568
200504,2023,19458.0,1303.0,1.6639603960396039,101,19458000.0,14.933231005372217,1.2760448144721965
200504,2024,17482.0,1120.0,1.494468085106383,94,17482000.0,15.60892857142857,1.4747385882622126
200505,2015,2209.0,342.0,1.359375,16,2209000.0,6.45906432748538,0.9625622453598913
200505,2016,18271.0,1738.0,0.8994444444444445,36,18271000.0,10.512658227848101,1.101536314377976
200505,2017,8703.0,1184.0,1.146551724137931,29,8703000.0,7.350506756756757,1.0700781339767895
200505,2018,29442.0,2597.0,0.8068965517241379,29,29442000.0,11.336927223719677,0.9634447388085049
200505,2019,16762.0,1257.0,0.8114705882352942,34,16762000.0,13.334924423229912,0.8886678200692042
200505,2020,25051.0,2004.0,0.9810344827586207,29,25051000.0,12.500499001996008,1.0497684723164744
200505,2021,24317.0,1952.0,0.9735714285714285,28,24317000.0,12.457479508196721,1.1083982399144632
200505,2022,21160.0,1221.0,1.306296296296296,27,21160000.0,17.33005733005733,1.2518071833648394
200505,2023,44403.0,3278.0,2.1604444444444444,45,44403000.0,13.545759609517999,1.4097459631106006
200505,2024,31915.0,1413.0,1.4110344827586208,58,31915000.0,22.586694975230007,1.205455741814194
200506,2015,707.0,83.0,0.9642857142857143,7,707000.0,8.518072289156626,1.0401697312588403
200506,2016,9436.0,985.0,0.863157894736842,19,9436000.0,9.57969543147208,1.2229705383637135
200506,2017,4139.0,554.0,0.86,15,4139000.0,7.471119133574007,1.1802705967625031
200506,2018,11995.0,1264.0,0.7911764705882353,17,11995000.0,9.489715189873417,1.0283109629012088
200506,2019,8225.0,846.0,0.94625,16,8225000.0,9.722222222222221,0.9818844984802432
200506,2020,12257.0,1000.0,0.8572222222222222,18,12257000.0,12.257,1.0497054744227787
200506,2021,20264.0,1845.0,1.3561904761904762,42,20264000.0,10.98319783197832,1.1357954994078168
200506,2022,14024.0,1021.0,1.2155555555555555,27,14024000.0,13.735553379040157,1.263249429549344
200506,2023,21141.0,1627.0,1.268,30,21141000.0,12.993853718500308,1.445399933777967
200506,2024,14303.0,1141.0,1.495142857142857,35,14303000.0,12.53549517966696,1.4073411172481298
200507,2015,1938.0,135.0,1.1181818181818182,11,1938000.0,14.355555555555556,1.099484004127967
200507,2016,4901.0,366.0,0.88125,40,4901000.0,13.390710382513662,1.0176596612936135
200507,2017,2373.0,256.0,1.3994285714285715,35,2373000.0,9.26953125,1.1319848293299621
200507,2018,2099.0,201.0,0.9458333333333333,24,2099000.0,10.442786069651742,1.130824202000953
200507,2019,3119.0,247.0,0.9276315789473685,38,3119000.0,12.62753036437247,1.0608688682269958
200507,2020,2350.0,250.0,0.9865853658536586,41,2350000.0,9.4,1.0679787234042553
200507,2021,1924.0,213.0,1.0960526315789474,38,1924000.0,9.032863849765258,1.138991683991684
200507,2022,2073.0,147.0,1.1823684210526315,38,2073000.0,14.10204081632653,1.204249879401833
200507,2023,3972.0,493.0,1.406551724137931,29,3972000.0,8.056795131845842,1.3291238670694865
200507,2024,2121.0,196.0,1.3528947368421052,38,2121000.0,10.821428571428571,1.358976897689769
200601,2015,92891.68,7754.0,1.5197916666666667,48,92891680.0,11.979840082538043,1.796977511871892
200601,2016,262526.225,12434.0,1.5289690721649485,97,262526225.0,21.113577690204277,1.6597860556597726
200601,2017,137288.885,10802.0,1.7571717171717172,99,137288885.0,12.709580170338826,1.84260517521138
200601,2018,192222.08,11677.0,1.4592045454545455,88,192222080.0,16.46159801318832,1.0407076023732549
200601,2019,229714.1,10612.0,1.556082474226804,97,229714100.0,21.646635883905013,1.3869361088413816
200601,2020,196272.0,11155.0,1.3583333333333334,96,196272000.0,17.59497982967279,1.421225391293715
200601,2021,180403.0,11308.0,1.306063829787234,94,180403000.0,15.95357269189954,1.295568477242618
200601,2022,256215.0,10896.0,1.5247712418300654,153,256215000.0,23.514592511013216,1.5466736139570283
200601,2023,188463.0,10260.0,1.821492537313433,134,188463000.0,18.368713450292397,1.8248162769349952
200601,2024,204850.0,3895.0,1.6334146341463414,123,204850000.0,52.59306803594352,1.4193934586282646
200603,2015,3426.0,467.0,1.3571428571428572,14,3426000.0,7.336188436830835,0.8454465849387041
200603,2016,98201.0,9962.0,0.914864864864865,37,98201000.0,9.857558723147962,1.189026588323948
200603,2017,58754.0,7064.0,1.2393750000000001,32,58754000.0,8.317383918459797,1.1719259965278959
200603,2018,92329.0,9442.0,0.7922857142857143,35,92329000.0,9.778542681635248,0.9896967366699521
200603,2019,72450.0,6964.0,0.970857142857143,35,72450000.0,10.403503733486502,1.0073478260869566
200603,2020,81875.0,8128.0,0.8892857142857142,28,81875000.0,10.07320374015748,1.1803212213740457
200603,2021,140343.0,13330.0,0.99625,32,140343000.0,10.528357089272317,1.2522036724311152
200603,2022,85366.0,6609.0,1.22,47,85366000.0,12.91662883946134,1.3509961811494038
200603,2023,145463.0,13052.0,1.543793103448276,58,145463000.0,11.14488201041986,1.5021091961529736
200603,2024,71433.0,6026.0,1.2387037037037036,54,71433000.0,11.854132094258214,1.4158822952976915
200605,2015,24121.39,2328.0,1.6948275862068964,29,24121390.0,10.361421821305841,0.786981181432745
200605,2016,121310.42,9247.0,1.7226436781609196,87,121310420.0,13.11889477668433,1.0018799291932219
200605,2017,70205.35,6376.0,1.8198507462686568,67,70205350.0,11.010876725219575,0.9908181498988325
200605,2018,111707.0,7720.0,1.3865384615384615,52,111707000.0,14.46981865284974,0.8646050829401918
200605,2019,105483.0,5584.0,1.471904761904762,63,105483000.0,18.89022206303725,0.8421816785643185
200605,2020,120513.0,7264.0,1.321132075471698,53,120513000.0,16.59044603524229,0.983466513986043
200605,2021,127016.0,9005.0,1.2083928571428573,56,127016000.0,14.10505274847307,1.0962517320652516
200605,2022,131342.0,5931.0,1.3514516129032257,62,131342000.0,22.145000843028157,1.1322425423703004
200605,2023,130161.0,6369.0,1.7065671641791045,67,130161000.0,20.436646255299106,1.1633036009250082
200605,2024,135243.0,6518.0,1.7900000000000003,77,135243000.0,20.749156182878185,1.2929960145811614
200606,2015,740.0,187.0,0.9954545454545454,11,740000.0,3.9572192513368982,0.812027027027027
200606,2016,4218.0,298.0,0.9714285714285714,28,4218000.0,14.154362416107382,0.8620673304883831
200606,2017,4321.0,322.0,1.1623333333333334,30,4321000.0,13.419254658385093,0.9106827123351077
200606,2018,4902.0,234.0,0.8316666666666667,30,4902000.0,20.94871794871795,0.7555222358221134
200606,2019,6076.0,261.0,1.0294871794871794,39,6076000.0,23.279693486590038,0.8736257406188281
200606,2020,6112.0,263.0,0.9700000000000001,36,6112000.0,23.23954372623574,0.8401832460732984
200606,2021,5302.0,279.0,1.1873809523809524,42,5302000.0,19.003584229390682,0.9809373821199547
200606,2022,7634.0,330.0,1.56125,64,7634000.0,23.133333333333333,1.1365430966727796
200606,2023,8018.0,356.0,1.7417647058823529,68,8018000.0,22.52247191011236,1.1211810925417809
200606,2024,5717.0,138.0,1.644126984126984,63,5717000.0,41.427536231884055,1.198962742697219
200607,2015,22745.67,1840.0,2.0875,16,22745670.0,12.361777173913042,0.7900070650809583
200607,2016,81960.725,4936.0,1.790188679245283,53,81960725.0,16.60468496758509,0.8686438535042241
200607,2017,52444.875,3842.0,2.03390243902439,41,52444875.0,13.650409942738158,0.9613989927519133
200607,2018,83529.09,4172.0,1.39,32,83529090.0,20.02135426653883,0.7894635389898298
200607,2019,85652.08,3332.0,1.5328205128205128,39,85652080.0,25.70590636254502,0.7895704342498162
200607,2020,97163.0,4574.0,1.0242424242424242,33,97163000.0,21.24245736773065,0.8977712709570516
200607,2021,78230.0,3971.0,1.0474193548387096,31,78230000.0,19.70032737345757,0.9851491755081171
200607,2022,97908.0,3489.0,1.4633333333333334,39,97908000.0,28.061908856405847,1.0452175511704866
200607,2023,115672.0,4490.0,1.8601818181818182,55,115672000.0,25.762138084632518,1.20189501348641
200607,2024,82047.0,1692.0,1.7016326530612245,49,82047000.0,48.491134751773046,1.2008402501005522
200608,2015,11010.68,906.0,1.923913043478261,23,11010680.0,12.153068432671082,0.7672741374737981
200608,2016,27116.715,1353.0,1.6308695652173912,69,27116715.0,20.041917960088693,0.7921741258113307
200608,2017,18684.085,1253.0,1.7076923076923076,52,18684085.0,14.911480446927374,0.815863340377653
200608,2018,30392.09,1229.0,1.3506666666666667,45,30392090.0,24.729121236777868,0.745040239088526
200608,2019,35473.1,1251.0,1.372962962962963,54,35473100.0,28.35579536370903,0.773735309290702
200608,2020,30576.0,1308.0,1.022,45,30576000.0,23.376146788990827,0.8450091575091575
200608,2021,29435.0,1236.0,1.0242499999999999,40,29435000.0,23.81472491909385,0.9319398675046713
200608,2022,41212.0,1307.0,1.286140350877193,57,41212000.0,31.531752104055087,1.0041652916626225
200608,2023,41698.0,1382.0,1.596851851851852,54,41698000.0,30.17221418234443,1.0795529761619262
200608,2024,34281.0,499.0,1.5828813559322035,59,34281000.0,68.6993987975952,1.0850412765088533
200801,2015,3625.0,461.0,1.5070000000000001,10,3625000.0,7.863340563991323,1.1203337931034485
200801,2016,12339.0,1427.0,1.7133333333333332,21,12339000.0,8.646811492641906,1.186311694626793
200801,2017,7992.0,1085.0,1.4754545454545456,11,7992000.0,7.365898617511521,1.2612662662662664
200801,2018,11605.0,1500.0,1.6573913043478259,23,11605000.0,7.736666666666666,1.1195062473071953
200801,2019,6771.0,1061.0,1.64375,16,6771000.0,6.381715362865221,1.0437719686900016
200801,2020,10208.0,1302.0,1.793793103448276,29,10208000.0,7.840245775729647,1.3932435344827587
200801,2021,13129.0,1445.0,2.247105263157895,38,13129000.0,9.085813148788928,1.2526292939294692
200801,2022,8570.0,1443.0,2.120833333333333,36,8570000.0,5.939015939015939,1.9967934655775963
200801,2023,9170.0,1146.0,1.760952380952381,42,9170000.0,8.00174520069808,1.4531995637949837
200801,2024,21755.0,2187.0,1.9923529411764707,51,21755000.0,9.947416552354824,1.5093652034015168
200802,2015,4339.0,466.0,1.9453333333333334,15,4339000.0,9.311158798283262,1.1043881078589537
200802,2016,13536.0,1485.0,1.6983333333333333,24,13536000.0,9.115151515151515,1.1188970153664302
200802,2017,9735.0,1280.0,1.2626666666666668,15,9735000.0,7.60546875,1.2327529532614279
200802,2018,12824.0,1429.0,1.4866666666666668,33,12824000.0,8.974107767669699,1.0285082657517155
200802,2019,8870.0,1280.0,1.5804761904761904,21,8870000.0,6.9296875,1.0154543404735061
200802,2020,10889.0,1529.0,2.1973333333333334,30,10889000.0,7.121648136036625,1.5134309853981083
200802,2021,14409.0,1430.0,2.7252941176470586,34,14409000.0,10.076223776223776,1.2219883406204455
200802,2022,8390.0,1381.0,2.857083333333333,24,8390000.0,6.075307748008689,2.0037687723480335
200802,2023,8182.0,1079.0,2.4475675675675674,37,8182000.0,7.582947173308619,1.4471901735516988
200802,2024,20714.0,2118.0,2.1540000000000004,45,20714000.0,9.779981114258735,1.4752196582021821
200803,2015,1978.0,326.0,1.5472222222222223,18,1978000.0,6.067484662576687,1.2566430738119312
200803,2016,15647.0,1807.0,1.4090909090909092,44,15647000.0,8.659103486441616,1.2236045248290408
200803,2017,13410.0,1768.0,1.506216216216216,37,13410000.0,7.584841628959276,1.2507621178225206
200803,2018,13981.0,1743.0,1.3660416666666668,48,13981000.0,8.02122776821572,1.0895322223016952
200803,2019,5917.0,845.0,1.397121212121212,66,5917000.0,7.002366863905325,1.0770711509210749
200803,2020,10396.0,1284.0,1.6471698113207547,53,10396000.0,8.096573208722742,1.3790717583686034
200803,2021,12544.0,1414.0,1.7785074626865671,67,12544000.0,8.871287128712872,1.463451849489796
200803,2022,17449.0,3101.0,1.8646835443037975,79,17449000.0,5.626894550145114,2.0949744971058513
200803,2023,11791.0,1708.0,1.7765591397849463,93,11791000.0,6.903395784543325,1.4744423713001442
200803,2024,21520.0,2628.0,1.5125773195876289,97,21520000.0,8.188736681887367,1.5102244423791822
200804,2015,675.0,137.0,1.988,10,675000.0,4.927007299270073,1.3006814814814815
200804,2016,7383.0,829.0,1.6894736842105265,19,7383000.0,8.905910735826296,1.18067994040363
200804,2017,3892.0,505.0,1.284375,16,3892000.0,7.706930693069307,1.1047122302158274
200804,2018,4552.0,586.0,1.6216,25,4552000.0,7.7679180887372015,1.1332798769771528
200804,2019,5584.0,919.0,1.6094444444444445,18,5584000.0,6.076169749727965,1.077163323782235
200804,2020,10481.0,1274.0,2.1169444444444445,36,10481000.0,8.226844583987441,1.3932630474191394
200804,2021,11987.0,1396.0,2.013863636363636,44,11987000.0,8.586676217765042,1.2668699424376408
200804,2022,12624.0,2205.0,2.042340425531915,47,12624000.0,5.725170068027211,1.8947504752851712
200804,2023,3963.0,603.0,2.433684210526316,57,3963000.0,6.5721393034825875,1.4875422659601312
200804,2024,7824.0,971.0,1.898125,64,7824000.0,8.057672502574665,1.485163599182004
200805,2015,3508.0,473.0,1.328,15,3508000.0,7.416490486257928,1.300581527936146
200805,2016,12638.0,1456.0,1.1827906976744187,43,12638000.0,8.679945054945055,1.1849659756290551
200805,2017,9984.0,1320.0,1.1628125,32,9984000.0,7.5636363636363635,1.2565344551282052
200805,2018,11841.0,1501.0,1.1597222222222223,36,11841000.0,7.8887408394403735,1.110228865805253
200805,2019,9211.0,1393.0,1.2332142857142858,28,9211000.0,6.612347451543432,1.0565997177288025
200805,2020,11064.0,1402.0,1.4409756097560975,41,11064000.0,7.891583452211127,1.40551428054953
200805,2021,13138.0,1512.0,1.9339024390243904,41,13138000.0,8.68915343915344,1.222014005175826
200805,2022,8485.0,1405.0,1.9466666666666665,36,8485000.0,6.039145907473309,2.011389510901591
200805,2023,11392.0,1362.0,2.3938636363636365,44,11392000.0,8.364170337738619,1.43757110252809
200805,2024,20593.0,2086.0,1.8049180327868852,61,20593000.0,9.872003835091084,1.5607356868838926
200806,2015,3174.0,369.0,1.431,20,3174000.0,8.601626016260163,1.0951606805293006
200806,2016,13877.0,1488.0,1.2082926829268292,41,13877000.0,9.325940860215054,1.1260733587951286
200806,2017,10243.0,1219.0,1.362,35,10243000.0,8.40278917145201,1.231031924240945
200806,2018,12876.0,1450.0,1.0772916666666668,48,12876000.0,8.88,1.0401017396707053
200806,2019,9435.0,1382.0,1.185609756097561,41,9435000.0,6.827062228654125,1.0656428192898781
200806,2020,11124.0,1498.0,1.9406451612903224,31,11124000.0,7.425901201602136,1.3600665228335131
200806,2021,13208.0,1408.0,2.5711627906976746,43,13208000.0,9.380681818181818,1.2517428831011508
200806,2022,8308.0,1367.0,2.3609999999999998,30,8308000.0,6.077542062911485,1.9303430428502648
200806,2023,8833.4,1110.0,2.3054,50,8833400.0,7.958018018018017,1.432151832816356
200806,2024,20652.0,2126.0,1.872909090909091,55,20652000.0,9.714016933207903,1.4827396862289366
