ANIO,CULTIVO_STD,TIPO_CULTIVO,area_sembrada_ha,area_cosechada_ha,produccion_t,valor_prod_s,rendimiento_t_ha,n_obs_precio_val,n_obs_total,precio_prom_s_kg
2015,Achita  Kiwicha  O Amaranto,Transitorio,0.0,0.0,0.0,0.0,,0,4,
2015,Aji,Transitorio,0.0,0.0,0.0,0.0,,0,25,
2015,Ajo,Transitorio,17.0,76.0,181.0,1372800.0,2.3166666666666664,8,42,7.584530386740331
2015,Alfalfa,Permanente,0.0,143.0,989.0,489320.0,1.4258173801417648,47,60,0.49476238624873603
2015,Algodon,Transitorio,0.0,63.0,25.0,65000.0,0.3968253968253968,1,1,2.6
2015,Algodon Hibrido Hazera,Transitorio,0.0,0.0,0.0,0.0,,0,2,
2015,Algodon Pima,Transitorio,0.0,2253.0,1630.0,5359090.0,0.7551594216861198,20,63,3.28778527607362
2015,Arroz,Transitorio,20762.0,7357.0,68943.0,85987850.0,7.560239037266548,28,170,1.2472310459364981
2015,Arveja Grano Seco,Transitorio,0.0,4208.0,2966.0,7558580.0,0.8316696508949308,34,50,2.5484086311530683
2015,Arveja Grano Verde,Transitorio,111.0,249.0,513.0,1014200.0,2.296031746031746,12,23,1.9769980506822613
2015,Avena Forrajera,Transitorio,0.0,0.0,0.0,0.0,,0,8,
2015,Banano (Musa Acuminata),Permanente,0.0,0.0,0.0,0.0,,0,5,
2015,Betarraga,Transitorio,16.0,4.0,32.0,32000.0,8.0,2,9,1.0
2015,Ca A De Azucar (Para Alcohol),Permanente,0.0,4908.0,45917.0,9295550.0,1.579694467507162,92,115,0.20244245050852627
2015,Cacao,Permanente,0.0,1138.0,201.5,1059950.0,0.08750924437596189,21,100,5.26029776674938
2015,Cafeto,Permanente,0.0,7511.0,562.0,4293000.0,0.05870252868237053,16,100,7.6387900355871885
2015,Camote,Transitorio,475.0,511.0,9560.0,9551000.0,10.188352902804958,35,123,0.9990585774058578
2015,Capuli (Prunus Serotina Ssp. Capuli),Permanente,0.0,0.0,0.0,0.0,,0,5,
2015,Cebada Grano,Transitorio,0.0,263.0,200.0,246700.0,0.844333880405309,14,22,1.2335
2015,Cebolla,Transitorio,186.0,192.0,4818.0,5010900.0,28.906666666666666,25,81,1.0400373599003736
2015,Chirimoyo,Permanente,10.0,0.0,0.0,0.0,,0,100,
2015,Ciruelo (Ciruela Spondias),Permanente,0.0,581.0,431.0,423400.0,0.5499011353488965,41,130,0.9823665893271462
2015,Cocotero,Permanente,2.0,106.0,605.0,319200.0,3.773936170212766,31,90,0.527603305785124
2015,Coliflor,Transitorio,0.0,0.0,0.0,0.0,,0,5,
2015,Esparrago,Permanente,0.0,0.0,0.0,0.0,,0,45,
2015,Frijol Caupi Chiclayo Castilla Chileno Grano Seco,Transitorio,1823.0,1635.0,3339.0,8777480.0,1.87622086569761,40,116,2.628775082359988
2015,Frijol Caupi Chiclayo Castilla Chileno Grano Verde,Transitorio,55.0,55.0,103.0,305760.0,1.8731308948700252,3,9,2.9685436893203883
2015,Frijol De Palo Grano Seco (T.),Transitorio,42.0,15.0,36.0,96000.0,3.525,3,45,2.6666666666666665
2015,Frijol Grano Seco,Transitorio,906.0,2364.0,1689.0,5159300.0,0.8167384351677485,21,57,3.054647720544701
2015,Girasol,Transitorio,0.0,0.0,0.0,0.0,,0,5,
2015,Granadilla,Permanente,0.0,9.0,7.0,10500.0,0.7777777777777778,1,100,1.5
2015,Guanabano,Permanente,0.0,24.0,12.581999999999999,98220.0,0.2843846153846154,24,65,7.8063900810681925
2015,Guayabo,Permanente,0.0,0.0,0.0,0.0,,0,35,
2015,Haba Grano Seco,Transitorio,120.0,213.0,172.0,363500.0,0.8339485910914483,13,38,2.113372093023256
2015,Haba Grano Verde,Transitorio,0.0,0.0,0.0,0.0,,0,20,
2015,Higuera,Permanente,0.0,3.0,0.99,2145.0,0.33,2,30,2.1666666666666665
2015,Lechuga,Transitorio,2.0,6.0,29.0,33800.0,4.875,4,5,1.1655172413793102
2015,Lima,Permanente,0.0,0.0,0.0,0.0,,0,40,
2015,Limon Dulce,Permanente,0.0,0.0,0.0,0.0,,0,30,
2015,Limon Sutil,Permanente,0.0,11633.0,51179.0,76013420.0,1.161439504923347,134,200,1.4852462924246275
2015,Lucumo,Permanente,55.0,10.0,2.0,2000.0,0.2,1,80,1.0
2015,Maiz Amarillo Duro,Transitorio,5170.0,7938.0,30842.0,29661360.0,3.9792326123444015,85,207,0.9617197328318526
2015,Maiz Amilaceo,Transitorio,3012.0,11430.0,10617.0,12531800.0,0.9908090195127777,24,53,1.1803522652350005
2015,Maiz Choclo,Transitorio,146.0,60.0,420.0,630000.0,7.0,5,50,1.5
2015,Mamey,Permanente,0.0,70.0,55.996,55996.0,0.24614285714285714,34,60,1.0
2015,Mango,Permanente,0.0,19846.0,133277.0,91629300.0,4.828937353602238,53,185,0.6875102230692467
2015,Mani  Para Fruta,Transitorio,80.0,137.0,171.0,720560.0,1.3861845344198287,10,36,4.213801169590644
2015,Maracuya,Permanente,53.0,909.0,1746.0,2243900.0,0.2973448801025043,40,100,1.2851660939289804
2015,Marigold,Permanente,150.0,150.0,2603.0,1301500.0,17.35333333333333,1,64,0.5
2015,Melon,Transitorio,35.0,59.0,1012.0,967000.0,21.25,12,22,0.9555335968379447
2015,Naranjo,Permanente,0.0,48.0,34.0,19900.0,0.7154411764705882,6,160,0.5852941176470587
2015,Nispero,Permanente,0.0,0.0,0.0,0.0,,0,45,
2015,Oca,Transitorio,220.0,0.0,0.0,0.0,,0,26,
2015,Olluco,Transitorio,339.0,0.0,0.0,0.0,,0,40,
2015,Otros Pastos,Permanente,0.0,12209.0,63786.0,11300750.0,1.4160603244002234,60,110,0.17716661963440256
2015,Pacae O Guabo,Permanente,0.0,135.0,52.18,29845.0,0.25376984126984126,36,140,0.5719624377155998
2015,Palto,Permanente,0.0,401.0,1751.0,4719380.0,1.4847044277360066,37,160,2.695248429468875
2015,Papa (Agrupa Mejoradas Y Nativas),Transitorio,640.0,1012.0,9555.0,10741590.0,9.162005466688317,40,78,1.1241852433281005
2015,Papaya,Permanente,2.0,59.0,252.0,329600.0,2.5738425925925927,25,85,1.307936507936508
2015,Paprika,Transitorio,0.0,328.0,1312.0,4460800.0,4.0,2,21,3.4000000000000004
2015,Pasto Elefante,Permanente,0.0,3904.0,57314.0,15850050.0,2.64178624919099,116,172,0.27654761489339436
2015,Pasto Sudan,Permanente,0.0,0.0,0.0,0.0,,0,25,
2015,Pepinillo (Cucumis Sativus),Transitorio,0.0,0.0,0.0,0.0,,0,5,
2015,Pi A,Permanente,0.0,0.0,0.0,0.0,,0,5,
2015,Pimiento,Transitorio,2.0,3.0,11.0,24000.0,3.6666666666666665,3,5,2.1818181818181817
2015,Piquillo (T.),Transitorio,8.0,133.0,2163.0,2159200.0,20.555555555555557,3,29,0.9982431807674526
2015,Platanos Y Bananas Para Cocci N (M X Paradisiaca),Permanente,2.0,14037.0,113839.0,84372340.0,1.0268696415337986,215,245,0.7411549644673617
2015,Quinua,Transitorio,0.0,8.0,15.0,80000.0,1.6666666666666667,3,23,5.333333333333333
2015,Rabano,Transitorio,2.0,2.0,12.0,10800.0,6.0,2,5,0.9
2015,Sandia,Transitorio,328.0,307.0,9158.0,7192500.0,30.408373205741626,30,83,0.7853789036907621
2015,Sorgo Escobero,Transitorio,77.0,41.0,233.0,146400.0,6.166666666666667,4,23,0.6283261802575107
2015,Soya,Transitorio,126.0,221.0,387.0,954600.0,1.776470588235294,17,51,2.466666666666667
2015,Tamarindo,Permanente,0.0,170.0,1244.0,1510940.0,7.4751157407407405,17,95,1.2145819935691318
2015,Taperiba,Permanente,0.0,250.0,672.0,1008000.0,1.0364145658263304,8,30,1.5
2015,Tomate,Transitorio,76.0,79.0,1532.0,1842800.0,19.470588235294116,17,88,1.2028720626631852
2015,Toronjo,Permanente,0.0,0.0,0.0,0.0,,0,20,
2015,Trigo Blando,Transitorio,4.0,7346.0,7976.0,9796100.0,1.0139330304867826,29,48,1.2281970912738216
2015,Tumbo,Permanente,0.0,0.0,0.0,0.0,,0,35,
2015,Tuna,Permanente,0.0,0.0,0.0,0.0,,0,65,
2015,Vid,Permanente,706.0,5583.0,175091.0,521021550.0,12.947986439551364,26,80,2.9757186263143165
2015,Yuca,Transitorio,293.0,732.0,5042.0,5843790.0,5.909180790960452,59,173,1.159022213407378
2015,Zanahoria,Transitorio,92.0,26.0,206.0,183600.0,8.2,5,37,0.8912621359223301
2015,Zapallo,Transitorio,0.0,0.0,0.0,0.0,,0,1,
2015,Zarandaja Grano Seco,Transitorio,0.0,0.0,0.0,0.0,,0,30,
2016,Achita  Kiwicha  O Amaranto,Transitorio,0.0,0.0,0.0,0.0,,0,12,
2016,Aji,Transitorio,12.0,12.0,36.0,297800.0,3.2962962962962963,3,67,8.272222222222222
2016,Ajo,Transitorio,78.0,88.0,210.0,1207000.0,2.3846153846153846,13,96,5.747619047619048
2016,Alfalfa,Permanente,18.0,161.0,3181.7,1384550.0,3.0794501497646554,125,163,0.43516044881667043
2016,Algodon Pima,Transitorio,373.0,373.0,1197.0,4140330.0,1.169013010388543,39,212,3.458922305764411
2016,Arroz,Transitorio,60644.0,67373.0,589687.0,732354660.0,8.095617909293859,138,453,1.2419379433496076
2016,Arveja Grano Seco,Transitorio,5288.0,5215.0,4113.0,10971200.0,0.9097167434729272,39,153,2.667444687575979
2016,Arveja Grano Verde,Transitorio,399.0,380.0,772.0,1409220.0,2.0476190476190474,20,57,1.8254145077720207
2016,Avena Forrajera,Transitorio,0.0,0.0,0.0,0.0,,0,12,
2016,Banano (Musa Acuminata),Permanente,0.0,0.0,0.0,0.0,,0,12,
2016,Betarraga,Transitorio,9.0,12.0,85.0,94800.0,7.125,4,19,1.115294117647059
2016,Ca A De Azucar (Para Alcohol),Permanente,0.0,4988.0,85727.0,13529170.0,2.981141945064998,232,276,0.15781690715877145
2016,Cacao,Permanente,3.0,1484.0,662.0,3796650.0,0.14175032263044995,73,240,5.735120845921451
2016,Cafeto,Permanente,31.0,7979.0,3044.0,19058800.0,0.09504734043011771,55,240,6.261103810775295
2016,Camote,Transitorio,773.0,919.0,16048.0,15906560.0,10.36831746031746,50,292,0.9911864406779659
2016,Capuli (Prunus Serotina Ssp. Capuli),Permanente,0.0,35.0,8.0,8000.0,0.02857142857142857,3,12,1.0
2016,Cebada Grano,Transitorio,317.0,317.0,265.0,292700.0,0.8640781440781441,15,72,1.1045283018867924
2016,Cebolla,Transitorio,175.0,225.0,6314.0,3908400.0,31.666666666666668,30,97,0.6190053848590434
2016,Chirimoyo,Permanente,0.0,459.0,1672.0,1396700.0,1.1554526115557118,54,240,0.8353468899521531
2016,Ciruelo (Ciruela Spondias),Permanente,0.0,581.0,1455.0,1455100.0,0.6957781604796529,107,312,1.0000687285223366
2016,Cocotero,Permanente,0.0,111.0,1479.0,877800.0,2.0692970150416956,81,216,0.5935091277890467
2016,Coliflor,Transitorio,0.0,0.0,0.0,0.0,,0,12,
2016,Esparrago,Permanente,0.0,0.0,0.0,0.0,,0,108,
2016,Frijol Caupi Chiclayo Castilla Chileno Grano Seco,Transitorio,8804.0,6756.0,10851.0,20403360.0,1.7442856627488874,72,231,1.8803207077688693
2016,Frijol Caupi Chiclayo Castilla Chileno Grano Verde,Transitorio,170.0,141.0,248.0,832200.0,1.7653991596638654,10,32,3.355645161290323
2016,Frijol De Palo Grano Seco (T.),Transitorio,0.0,32.0,56.0,56000.0,1.75,1,86,1.0
2016,Frijol Grano Seco,Transitorio,4641.0,5388.0,4235.0,14470700.0,0.8339913566350637,39,161,3.416930342384888
2016,Girasol,Transitorio,0.0,0.0,0.0,0.0,,0,12,
2016,Granadilla,Permanente,0.0,201.0,397.0,836360.0,0.7472763347763348,52,240,2.1067002518891687
2016,Guanabano,Permanente,0.0,24.0,87.025,644530.0,0.48717948717948717,119,156,7.40626256822752
2016,Guayabo,Permanente,0.0,70.0,57.0,54600.0,0.11921768707482994,28,84,0.9578947368421052
2016,Haba Grano Seco,Transitorio,562.0,588.0,501.0,1597160.0,0.8822521485315001,35,145,3.187944111776447
2016,Haba Grano Verde,Transitorio,0.0,0.0,0.0,0.0,,0,48,
2016,Higuera,Permanente,0.0,12.0,29.75,57960.0,0.325,61,72,1.948235294117647
2016,Lechuga,Transitorio,5.0,3.0,15.0,13800.0,5.0,3,10,0.92
2016,Lima,Permanente,0.0,18.0,6.376,12918.5,0.148375,16,96,2.0261135508155586
2016,Limon Dulce,Permanente,0.0,0.0,0.0,0.0,,0,72,
2016,Limon Sutil,Permanente,0.0,11660.0,148105.0,112749940.0,0.7116909112882017,338,480,0.7612838189122582
2016,Lucumo,Permanente,0.0,89.0,200.0,174050.0,0.7194956558592923,32,192,0.87025
2016,Maiz Amarillo Duro,Transitorio,14903.0,14378.0,51004.0,55203400.0,3.9900267389555912,181,495,1.082334718845581
2016,Maiz Amilaceo,Transitorio,13267.0,15447.0,15080.0,22568870.0,1.0199469451701304,43,193,1.4966094164456232
2016,Maiz Choclo,Transitorio,174.0,276.0,1845.0,2818500.0,6.4,27,112,1.5276422764227642
2016,Mamey,Permanente,0.0,70.0,220.209,233485.0,0.296265873015873,108,144,1.0602881807737197
2016,Mango,Permanente,106.0,19843.0,275272.0,129914870.0,4.18495167411076,89,428,0.47195090673951584
2016,Mani  Para Fruta,Transitorio,495.0,505.0,595.0,2241900.0,1.2740557210855905,16,83,3.7678991596638656
2016,Maracuya,Permanente,50.0,1046.0,5322.0,7412550.0,1.0451369649453008,117,231,1.3928128523111611
2016,Marigold,Permanente,0.0,4.0,116.0,58000.0,29.0,1,154,0.5
2016,Melon,Transitorio,92.0,103.0,1601.0,1518500.0,15.84873949579832,17,43,0.948469706433479
2016,Naranjo,Permanente,2.0,487.0,2213.0,1780700.0,1.0936056644880174,77,384,0.8046543154089469
2016,Nispero,Permanente,0.0,16.0,11.998000000000001,10563.0,0.060625,32,108,0.880396732788798
2016,Oca,Transitorio,311.0,279.0,543.0,610260.0,2.1151441102756894,16,99,1.1238674033149172
2016,Olluco,Transitorio,389.0,395.0,850.0,1087540.0,2.3429233905259284,18,145,1.2794588235294118
2016,Otros Pastos,Permanente,0.0,12209.0,165244.0,42827130.0,0.7115582258779757,159,264,0.2591750986420082
2016,Pacae O Guabo,Permanente,0.0,254.0,122.189,61140.5,0.11798942857142856,63,336,0.5003764659666582
2016,Palto,Permanente,0.0,696.0,7025.0,25991000.0,2.0817382169674463,63,384,3.6997864768683275
2016,Papa (Agrupa Mejoradas Y Nativas),Transitorio,1520.0,1457.0,13711.0,17503890.0,9.35592417806208,70,184,1.2766311720516377
2016,Papaya,Permanente,16.0,83.0,882.0,1055340.0,1.8881244881244883,81,204,1.1965306122448982
2016,Paprika,Transitorio,412.0,372.0,2626.0,21802300.0,6.9734084855999035,17,77,8.302475247524752
2016,Pasto Elefante,Permanente,20.0,4064.0,107883.0,27699260.0,4.289401934401735,292,420,0.2567527784729754
2016,Pasto Sudan,Permanente,0.0,0.0,0.0,0.0,,0,60,
2016,Pepinillo (Cucumis Sativus),Transitorio,0.0,0.0,0.0,0.0,,0,12,
2016,Pi A,Permanente,0.0,0.0,0.0,0.0,,0,12,
2016,Piquillo (T.),Transitorio,297.0,252.0,4834.0,5784600.0,17.84519468606156,9,83,1.196648738105089
2016,Platanos Y Bananas Para Cocci N (M X Paradisiaca),Permanente,1275.0,14224.0,274169.0,203218430.0,1.1972642639881956,517,588,0.7412159288613956
2016,Quinua,Transitorio,0.0,0.0,0.0,0.0,,0,48,
2016,Rabano,Transitorio,5.0,4.0,28.0,24700.0,7.0,4,12,0.8821428571428571
2016,Sandia,Transitorio,548.0,574.0,14876.0,7685700.0,25.66046511627907,43,152,0.5166509814466255
2016,Sorgo Escobero,Transitorio,41.0,41.0,315.0,213000.0,16.0,5,54,0.6761904761904762
2016,Soya,Transitorio,285.0,309.0,543.0,1195400.0,1.5849299719887955,17,98,2.201473296500921
2016,Tamarindo,Permanente,0.0,209.0,1561.0,2469270.0,3.618196457326892,25,228,1.5818513773222296
2016,Taperiba,Permanente,0.0,257.0,923.0,1391560.0,0.9066293183940243,12,72,1.5076489707475622
2016,Tomate,Transitorio,43.0,80.0,1550.0,1433600.0,20.390625,24,136,0.9249032258064516
2016,Toronjo,Permanente,0.0,0.0,0.0,0.0,,0,48,
2016,Trigo Blando,Transitorio,11476.0,11318.0,14490.0,19847980.0,1.0662077909537437,35,145,1.3697708764665286
2016,Tumbo,Permanente,0.0,6.0,3.525,4350.0,0.11458333333333333,14,84,1.2340425531914894
2016,Tuna,Permanente,0.0,0.0,0.0,0.0,,0,156,
2016,Vid,Permanente,629.0,6561.0,278366.0,716719500.0,7.853779310403506,38,192,2.5747379349489523
2016,Yuca,Transitorio,876.0,1101.0,6924.0,7722550.0,6.4404583495826815,110,418,1.1153307336799538
2016,Zanahoria,Transitorio,84.0,176.0,1127.0,892760.0,7.154049445865303,23,68,0.792156166814552
2016,Zapallo,Transitorio,68.0,65.0,227.0,203200.0,3.75,4,24,0.8951541850220264
2016,Zarandaja Grano Seco,Transitorio,0.0,0.0,0.0,0.0,,0,72,
2017,Achita  Kiwicha  O Amaranto,Transitorio,0.0,0.0,0.0,0.0,,0,10,
2017,Aji,Transitorio,22.0,10.0,96.0,772000.0,9.75,2,72,8.041666666666666
2017,Ajo,Transitorio,77.0,79.0,164.0,889000.0,2.0818181818181816,11,85,5.420731707317073
2017,Alfalfa,Permanente,0.0,131.0,3574.0,1923910.0,1.698211875843455,124,168,0.5383072188024622
2017,Algodon Pima,Transitorio,918.0,505.0,1699.0,6480350.0,0.7854741978200342,25,209,3.814214243672749
2017,Arroz,Transitorio,57793.0,51566.0,378864.0,464846470.0,6.9990546389591755,115,458,1.2269481133071498
2017,Arveja Grano Seco,Transitorio,5135.0,5130.0,3687.0,12062160.0,0.8371829183407163,35,140,3.2715378356387306
2017,Arveja Grano Verde,Transitorio,353.0,331.0,680.0,1284250.0,2.1091432225063937,17,58,1.8886029411764707
2017,Avena Forrajera,Transitorio,0.0,0.0,0.0,0.0,,0,12,
2017,Banano (Musa Acuminata),Permanente,0.0,0.0,0.0,0.0,,0,12,
2017,Betarraga,Transitorio,10.0,10.0,85.0,110500.0,8.5,2,24,1.3
2017,Ca A De Azucar (Para Alcohol),Permanente,89.0,5032.0,83503.92,14433828.0,1.5183759367298901,224,276,0.1728521008355057
2017,Cacao,Permanente,2.0,1481.0,599.0,3402900.0,0.12781024911040045,60,238,5.680968280467445
2017,Cafeto,Permanente,164.0,8075.0,4050.0,25173600.0,0.1750925518401659,54,240,6.215703703703704
2017,Camote,Transitorio,853.0,755.0,12450.6,10760340.0,9.96915824915825,45,294,0.8642426870994168
2017,Capuli (Prunus Serotina Ssp. Capuli),Permanente,0.0,35.0,6.0,6000.0,0.05714285714285714,3,12,1.0
2017,Cebada Grano,Transitorio,332.0,332.0,297.0,416000.0,0.9496289424860853,14,68,1.4006734006734007
2017,Cebolla,Transitorio,158.0,151.0,3038.0,1831600.0,21.058823529411764,17,80,0.6028966425279789
2017,Chirimoyo,Permanente,0.0,475.0,1923.0,1704280.0,0.8088593170114909,51,240,0.8862610504420178
2017,Ciruelo (Ciruela Spondias),Permanente,0.0,581.0,779.0,763900.0,0.4232922840012392,64,312,0.9806161745827985
2017,Cocotero,Permanente,0.0,111.0,1550.0,942600.0,2.7013210194061257,78,212,0.6081290322580645
2017,Col O Repollo,Transitorio,3.0,3.0,37.0,18500.0,12.333333333333334,1,4,0.5
2017,Coliflor,Transitorio,0.0,0.0,0.0,0.0,,0,12,
2017,Esparrago,Permanente,0.0,0.0,0.0,0.0,,0,107,
2017,Frijol Caupi Chiclayo Castilla Chileno Grano Seco,Transitorio,5935.0,8024.0,8887.0,15271080.0,1.616671766036014,57,206,1.7183616518510185
2017,Frijol Caupi Chiclayo Castilla Chileno Grano Verde,Transitorio,22.0,39.0,73.0,191200.0,1.8361111111111112,6,22,2.6191780821917807
2017,Frijol De Palo Grano Seco (T.),Transitorio,79.0,70.0,144.0,315000.0,3.025089605734767,6,104,2.1875
2017,Frijol Grano Seco,Transitorio,6795.0,6445.0,5019.0,17903020.0,0.9896224602418877,42,170,3.5670492129906357
2017,Girasol,Transitorio,0.0,0.0,0.0,0.0,,0,12,
2017,Granadilla,Permanente,0.0,190.0,326.0,653900.0,0.638932178932179,45,240,2.005828220858896
2017,Guanabano,Permanente,0.0,24.0,71.115,468460.0,0.24243589743589744,100,156,6.587358503831822
2017,Guayabo,Permanente,0.0,70.0,73.0,73000.0,0.1477891156462585,28,84,1.0
2017,Haba Grano Seco,Transitorio,431.0,433.0,340.0,1078600.0,0.8119104285321957,24,121,3.17235294117647
2017,Haba Grano Verde,Transitorio,88.0,84.0,210.0,310800.0,2.3555555555555556,5,48,1.48
2017,Higuera,Permanente,0.0,12.0,12.946,12986.0,0.3416666666666666,33,72,1.0030897574540398
2017,Lechuga,Transitorio,4.0,4.0,29.0,19500.0,7.25,4,12,0.6724137931034484
2017,Lima,Permanente,0.0,0.0,0.0,0.0,,0,96,
2017,Limon Dulce,Permanente,0.0,1.0,1.0,2000.0,1.0,1,72,2.0
2017,Limon Sutil,Permanente,144.0,16195.0,67137.36,83188840.0,0.922306156621246,316,476,1.2390841701252477
2017,Lucumo,Permanente,1.0,89.0,158.7,178160.0,0.7512926467471922,33,193,1.122621298046629
2017,Maiz Amarillo Duro,Transitorio,15017.0,14918.0,54170.0,56923830.0,4.124867755188676,168,510,1.050836810042459
2017,Maiz Amilaceo,Transitorio,17276.0,16055.0,15887.0,23947420.0,1.0992178557396544,44,192,1.5073594763013785
2017,Maiz Choclo,Transitorio,230.0,190.0,1140.0,1572000.0,6.0,24,122,1.3789473684210527
2017,Mamey,Permanente,0.0,70.0,57.849000000000004,94108.0,0.2348015873015873,52,144,1.626786979895936
2017,Mango,Permanente,129.0,19833.0,274074.0,153644270.0,4.125944892874174,91,423,0.5605941096200296
2017,Mani  Para Fruta,Transitorio,445.0,418.0,367.0,1232300.0,1.1399445706328297,13,80,3.357765667574932
2017,Maracuya,Permanente,28.0,1178.0,2600.64,3017048.0,1.306879379358496,113,249,1.1601175095361143
2017,Marigold,Permanente,0.0,0.0,0.0,0.0,,0,140,
2017,Melon,Transitorio,77.0,62.0,1023.0,1633000.0,16.25,12,35,1.5962854349951123
2017,Naranjo,Permanente,4.0,502.0,1948.0,1543550.0,1.684982174688057,77,384,0.7923767967145792
2017,Nispero,Permanente,0.0,16.0,14.600000000000001,7300.0,0.11827083333333334,32,108,0.5
2017,Oca,Transitorio,303.0,289.0,784.0,1044900.0,2.7742788461538463,16,87,1.332780612244898
2017,Olluco,Transitorio,457.0,378.0,1098.0,1524000.0,2.8722045681017505,17,143,1.3879781420765027
2017,Otros Pastos,Permanente,0.0,12209.0,193147.5,66373725.0,0.9389171626835783,167,264,0.3436426824059333
2017,Pacae O Guabo,Permanente,0.0,254.0,184.08,100908.0,0.19588761904761906,79,336,0.5481747066492829
2017,Palto,Permanente,5.0,705.0,8364.0,22067100.0,2.215980182886658,77,391,2.6383428981348636
2017,Papa (Agrupa Mejoradas Y Nativas),Transitorio,2022.0,1907.0,18681.0,17292950.0,9.940506762182393,78,186,0.9256972324822013
2017,Papaya,Permanente,0.0,58.0,453.0,724100.0,1.9103333333333332,56,199,1.5984547461368657
2017,Paprika,Transitorio,398.0,137.0,1011.0,8042800.0,7.256987456987457,11,77,7.955291790306626
2017,Pasto Elefante,Permanente,0.0,4085.0,84775.5,20970065.0,2.4778658885678206,293,420,0.247359968387093
2017,Pasto Sudan,Permanente,0.0,0.0,0.0,0.0,,0,60,
2017,Pepinillo (Cucumis Sativus),Transitorio,0.0,0.0,0.0,0.0,,0,12,
2017,Pi A,Permanente,0.0,0.0,0.0,0.0,,0,12,
2017,Piquillo (T.),Transitorio,553.0,158.0,3815.0,4761100.0,20.77777777777778,6,68,1.247994757536042
2017,Platanos Y Bananas Para Cocci N (M X Paradisiaca),Permanente,281.0,15251.0,204695.4,170159670.0,0.8551655122613452,519,584,0.8312823346298939
2017,Quinua,Transitorio,0.0,0.0,0.0,0.0,,0,48,
2017,Rabano,Transitorio,6.0,5.0,39.0,28300.0,7.8,5,12,0.7256410256410256
2017,Sandia,Transitorio,535.0,385.0,11361.0,6607500.0,26.323195791550223,28,147,0.5815949300237654
2017,Sorgo Escobero,Transitorio,30.0,30.0,150.0,110000.0,5.0,2,43,0.7333333333333333
2017,Soya,Transitorio,245.0,212.0,310.0,650200.0,1.5407407407407407,9,68,2.09741935483871
2017,Tamarindo,Permanente,0.0,209.0,1136.0,1921800.0,3.971296296296296,21,206,1.691725352112676
2017,Taperiba,Permanente,0.0,250.0,990.0,1469000.0,0.6264005602240896,14,72,1.4838383838383837
2017,Tomate,Transitorio,94.0,61.0,1186.0,995800.0,20.761904761904763,14,143,0.8396290050590219
2017,Toronjo,Permanente,0.0,0.0,0.0,0.0,,0,48,
2017,Trigo Blando,Transitorio,11211.0,11209.0,11331.0,17224170.0,1.045585870548316,34,136,1.520092666137146
2017,Tumbo,Permanente,0.0,18.0,7.635,14335.0,0.12648809523809526,32,84,1.8775376555337262
2017,Tuna,Permanente,0.0,0.0,0.0,0.0,,0,156,
2017,Vid,Permanente,204.0,7064.0,223491.0,520281300.0,10.405788220746647,34,192,2.3279742808435238
2017,Yuca,Transitorio,989.0,891.0,6660.0,7280590.0,7.185114157686972,103,417,1.0931816816816815
2017,Zanahoria,Transitorio,90.0,76.0,602.0,616400.0,7.912367724867725,12,58,1.023920265780731
2017,Zapallo,Transitorio,78.0,61.0,160.0,80000.0,2.738095238095238,7,30,0.5
2017,Zarandaja Grano Seco,Transitorio,0.0,0.0,0.0,0.0,,0,72,
2018,Aji,Transitorio,0.0,12.0,77.0,608300.0,5.75,4,64,7.900000000000001
2018,Ajo,Transitorio,111.0,107.0,192.0,856000.0,2.1666666666666665,9,79,4.458333333333333
2018,Alfalfa,Permanente,18.0,144.0,4262.6,2341832.0,2.4395299145299147,135,168,0.5493905128325436
2018,Algodon Pima,Transitorio,2335.0,1793.0,5945.0,19713350.0,1.673301674051124,46,252,3.315954583683768
2018,Arroz,Transitorio,52644.0,59707.0,513515.0,538919150.0,7.615440717676056,126,424,1.0494710962678793
2018,Arveja Grano Seco,Transitorio,4910.0,4389.0,2827.0,7237100.0,0.7994524608222313,31,152,2.5599929253625753
2018,Arveja Grano Verde,Transitorio,366.0,396.0,791.0,2006740.0,2.039751552795031,14,62,2.5369658659924146
2018,Avena Forrajera,Transitorio,0.0,0.0,0.0,0.0,,0,12,
2018,Banano (Musa Acuminata),Permanente,100.0,0.0,0.0,0.0,,0,23,
2018,Betarraga,Transitorio,38.0,13.0,110.0,152200.0,8.5,4,24,1.3836363636363636
2018,Ca A De Azucar (Para Alcohol),Permanente,42.0,5054.0,84054.0,16429050.0,2.8412212072798115,218,276,0.19545827682204298
2018,Cacao,Permanente,3.0,1554.0,1009.0,4880820.0,0.13018985628286364,85,228,4.837284440039643
2018,Cafeto,Permanente,29.0,7996.0,3660.0,22489100.0,0.12124248567119059,54,240,6.144562841530054
2018,Camote,Transitorio,619.0,522.0,6067.0,5986180.0,7.490764790764791,33,309,0.9866787539146201
2018,Capuli (Prunus Serotina Ssp. Capuli),Permanente,0.0,35.0,5.0,12000.0,0.02857142857142857,2,12,2.4
2018,Cebada Grano,Transitorio,373.0,337.0,281.0,312200.0,0.8571572871572872,11,74,1.1110320284697508
2018,Cebolla,Transitorio,150.0,129.0,2817.0,2597200.0,25.144927536231886,23,101,0.9219737309194179
2018,Chirimoyo,Permanente,0.0,419.0,1247.0,1551900.0,0.8864920102728322,43,240,1.2445068163592623
2018,Ciruelo (Ciruela Spondias),Permanente,0.0,581.0,1040.0,560100.0,0.3530354637071055,72,312,0.5385576923076923
2018,Cocotero,Permanente,0.0,106.0,1552.0,1016650.0,4.1614605252903125,65,158,0.6550579896907216
2018,Coliflor,Transitorio,0.0,0.0,0.0,0.0,,0,12,
2018,Esparrago,Permanente,0.0,0.0,0.0,0.0,,0,96,
2018,Frijol Caupi Chiclayo Castill Chileno Grano Verde,Transitorio,0.0,0.0,0.0,0.0,,0,1,
2018,Frijol Caupi Chiclayo Castilla Chileno Grano Seco,Transitorio,1699.0,1636.0,3043.0,8389320.0,1.8921420690783435,45,166,2.7569240880709827
2018,Frijol Caupi Chiclayo Castilla Chileno Grano Verde,Transitorio,625.0,623.0,1078.6,3264560.0,1.7206645465005637,14,31,3.026664194325978
2018,Frijol De Palo Grano Seco (T.),Transitorio,20.0,10.0,20.0,24000.0,2.0,3,104,1.2
2018,Frijol Grano Seco,Transitorio,6965.0,5721.0,4684.0,12732600.0,0.9507198008732469,43,182,2.7183176771989754
2018,Girasol,Transitorio,0.0,0.0,0.0,0.0,,0,12,
2018,Granadilla,Permanente,0.0,188.0,878.0,2029700.0,1.1545815295815296,90,240,2.3117312072892937
2018,Guanabano,Permanente,0.0,24.0,23.906,184308.0,0.3873333333333333,39,156,7.709696310549653
2018,Guayabo,Permanente,0.0,0.0,0.0,0.0,,0,84,
2018,Haba Grano Seco,Transitorio,621.0,428.0,397.0,1118300.0,0.8479499527840815,22,143,2.8168765743073054
2018,Haba Grano Verde,Transitorio,0.0,0.0,0.0,0.0,,0,48,
2018,Higuera,Permanente,0.0,12.0,7.0,11500.0,0.25833333333333336,12,72,1.6428571428571428
2018,Lechuga,Transitorio,0.0,2.0,15.0,12200.0,7.5,2,2,0.8133333333333332
2018,Lima,Permanente,0.0,12.0,11.0,19000.0,0.3833333333333333,10,96,1.7272727272727273
2018,Limon Dulce,Permanente,0.0,4.0,6.0,10800.0,0.525,13,72,1.8
2018,Limon Sutil,Permanente,849.0,16089.0,140066.9,93057380.0,0.9585874749249297,343,478,0.6643780936109817
2018,Lucuma (Producto),Permanente,3.0,0.0,0.0,0.0,,0,2,
2018,Lucumo,Permanente,0.0,81.0,187.0,202700.0,0.562054612054612,22,204,1.083957219251337
2018,Maiz Amarillo Duro,Transitorio,10813.007,10681.0,36955.0,39137010.0,4.114385911572813,163,487,1.0590450547963741
2018,Maiz Amilaceo,Transitorio,18867.0,15724.0,16283.0,23505300.0,1.0496530836923834,47,225,1.4435484861512007
2018,Maiz Choclo,Transitorio,111.0,70.0,420.0,573000.0,6.0,13,121,1.3642857142857143
2018,Mamey,Permanente,0.0,33.0,31.83,71460.0,0.4904761904761905,18,144,2.2450518378887847
2018,Mango,Permanente,8233.0,19840.0,267363.0,146750290.0,4.153235050899168,104,443,0.5488803237545957
2018,Mani  Para Fruta,Transitorio,337.0,322.0,287.0,1296160.0,1.1225604939852916,17,93,4.5162369337979085
2018,Maracuya,Permanente,413.0,1201.88,3819.0,4896420.0,1.7520865006462698,117,257,1.2821209740769832
2018,Marigold,Permanente,0.0,0.0,0.0,0.0,,0,132,
2018,Melon,Transitorio,68.0,79.0,1272.0,1369400.0,16.84722222222222,24,61,1.0765723270440253
2018,Naranjo,Permanente,0.0,494.0,2384.0,1654770.0,1.19729326513214,118,384,0.694114932885906
2018,Nispero,Permanente,0.0,16.0,9.350000000000001,5115.0,0.19166666666666668,19,108,0.5470588235294118
2018,Oca,Transitorio,240.0,265.0,789.0,1325400.0,3.0563492063492066,14,108,1.679847908745247
2018,Olluco,Transitorio,419.0,446.0,1411.0,2149900.0,3.3807810622446524,20,158,1.5236711552090714
2018,Otros Pastos,Permanente,0.0,12194.0,179904.3,59158575.0,1.4281341616821306,165,264,0.3288335798532887
2018,Pacae O Guabo,Permanente,0.0,119.0,179.0,90100.0,0.26282051282051283,39,336,0.5033519553072625
2018,Palto,Permanente,0.0,663.0,7930.0,22902700.0,2.4962702134417394,57,396,2.888108448928121
2018,Papa (Agrupa Mejoradas Y Nativas),Transitorio,1587.0,1572.0,15669.0,10581490.0,10.236702741894847,71,179,0.675313676686451
2018,Papaya,Permanente,10.0,43.0,314.0,610540.0,2.364583333333333,28,190,1.9443949044585986
2018,Paprika,Transitorio,380.0,610.0,2973.0,22900560.0,5.400498454839318,14,89,7.7028456104944505
2018,Pasto Elefante,Permanente,2.0,4040.0,74251.0,15191620.0,3.203245633131942,282,420,0.20459818722980164
2018,Pasto Sudan,Permanente,0.0,0.0,0.0,0.0,,0,60,
2018,Pepinillo (Cucumis Sativus),Transitorio,0.0,0.0,0.0,0.0,,0,12,
2018,Pi A,Permanente,0.0,0.0,0.0,0.0,,0,12,
2018,Piquillo (T.),Transitorio,478.0,915.0,15315.0,15315000.0,15.105079365079366,5,58,1.0
2018,Platanos Y Bananas Para Cocci N (M X Paradisiaca),Permanente,433.0,14958.0,312230.0,242212140.0,1.3782878803931127,514,586,0.7757490952182684
2018,Quinua,Transitorio,0.0,0.0,0.0,0.0,,0,24,
2018,Rabano,Transitorio,2.0,1.0,5.0,5000.0,5.0,1,12,1.0
2018,Sandia,Transitorio,346.0,430.0,10742.0,6782960.0,25.44295900178253,34,171,0.631442934276671
2018,Sorgo Escobero,Transitorio,35.0,37.0,185.0,111000.0,5.0,3,44,0.6
2018,Soya,Transitorio,330.0,359.0,639.0,1151000.0,1.6479797979797979,11,77,1.801251956181534
2018,Tamarindo,Permanente,1.0,208.0,1192.0,2157980.0,3.1253429355281206,22,192,1.8103859060402685
2018,Taperiba,Permanente,0.0,250.0,1013.0,1093500.0,0.7100840336134454,9,72,1.079466929911155
2018,Tomate,Transitorio,109.0,82.0,1942.0,1716000.0,24.75,20,155,0.8836251287332647
2018,Toronjo,Permanente,0.0,0.0,0.0,0.0,,0,48,
2018,Trigo Blando,Transitorio,11859.0,11481.0,11126.0,14447500.0,1.009082519821238,30,152,1.2985349631493799
2018,Tumbo,Permanente,0.0,18.0,6.6000000000000005,18120.0,0.10119047619047619,20,84,2.745454545454546
2018,Tuna,Permanente,0.0,0.0,0.0,0.0,,0,156,
2018,Vid,Permanente,787.0,7017.0,167160.0,493666100.0,5.05949596339192,29,192,2.9532549653027043
2018,Yuca,Transitorio,1024.0,1025.0,6834.0,10180840.0,6.412555696197409,106,399,1.4897336845185836
2018,Zanahoria,Transitorio,104.0,43.0,548.0,715600.0,10.785714285714286,7,67,1.3058394160583942
2018,Zapallo,Transitorio,69.0,73.0,303.0,242400.0,5.703716608594657,5,19,0.7999999999999999
2018,Zarandaja Grano Seco,Transitorio,0.0,0.0,0.0,0.0,,0,72,
2019,Aji,Transitorio,0.0,0.0,0.0,0.0,,0,60,
2019,Ajo,Transitorio,90.0,90.0,202.0,1284000.0,2.3833333333333333,10,60,6.356435643564357
2019,Alfalfa,Permanente,16.0,150.0,4844.0,2562450.0,2.516849816849817,140,173,0.5289946325350949
2019,Algodon,Transitorio,608.0,608.0,2365.0,6025330.0,1.3115760850779459,8,18,2.547708245243129
2019,Algodon Pima,Transitorio,1942.0,2741.0,6770.0,17398940.0,1.6881070988632436,49,253,2.570005908419498
2019,Arroz,Transitorio,58971.0,49199.0,397496.0,399456620.0,7.2659152573961405,98,443,1.004932426992976
2019,Arveja Grano Seco,Transitorio,4449.0,4130.0,3239.0,8661000.0,0.8936262353928454,33,159,2.6739734485952456
2019,Arveja Grano Verde,Transitorio,543.0,419.0,832.0,2217100.0,2.043939393939394,22,61,2.6647836538461536
2019,Avena Forrajera,Transitorio,0.0,0.0,0.0,0.0,,0,12,
2019,Banano (Musa Acuminata),Permanente,0.0,0.0,0.0,0.0,,0,24,
2019,Betarraga,Transitorio,0.0,0.0,0.0,0.0,,0,24,
2019,Ca A De Azucar (Para Alcohol),Permanente,37.0,5059.0,80658.0,15167720.0,2.484677652025271,210,276,0.18804979047335663
2019,Cacao,Permanente,0.0,1557.0,1438.0,6599900.0,0.3184174415913062,91,228,4.589638386648123
2019,Cafeto,Permanente,260.0,8160.0,4777.0,24169300.0,0.19203606979138357,50,240,5.059514339543647
2019,Camote,Transitorio,1008.0,682.0,11016.0,11579660.0,9.782592592592591,45,277,1.0511673928830791
2019,Capuli (Prunus Serotina Ssp. Capuli),Permanente,0.0,35.0,6.0,15700.0,0.02857142857142857,3,12,2.6166666666666667
2019,Cebada Grano,Transitorio,381.0,351.0,302.0,407700.0,0.8738219861455748,16,91,1.35
2019,Cebolla,Transitorio,248.0,221.0,5120.0,6186000.0,24.074074074074073,27,126,1.208203125
2019,Chirimoyo,Permanente,0.0,459.0,1673.0,1853500.0,0.5384457227463716,72,240,1.107890017931859
2019,Ciruelo (Ciruela Spondias),Permanente,0.0,577.0,1015.0,562700.0,0.2509271104793493,68,312,0.554384236453202
2019,Cocotero,Permanente,0.0,106.0,2744.0,1806350.0,4.489010989010989,67,156,0.6582908163265305
2019,Coliflor,Transitorio,0.0,0.0,0.0,0.0,,0,12,
2019,Esparrago,Permanente,0.0,0.0,0.0,0.0,,0,96,
2019,Frijol Caupi Chiclayo Castilla Chileno Grano Seco,Transitorio,6024.0,5176.0,8510.0,20614400.0,2.2419891944211168,58,226,2.4223736780258522
2019,Frijol Caupi Chiclayo Castilla Chileno Grano Verde,Transitorio,639.0,273.0,673.0,1650980.0,2.4360054267694156,12,52,2.4531649331352154
2019,Frijol De Palo Grano Seco (T.),Transitorio,102.0,56.0,125.0,189000.0,2.1875,8,137,1.512
2019,Frijol Grano Seco,Transitorio,5989.0,4925.0,3991.0,11457900.0,0.8402133755664439,25,202,2.8709346028564267
2019,Girasol,Transitorio,0.0,0.0,0.0,0.0,,0,12,
2019,Granadilla,Permanente,0.0,180.0,684.0,1631180.0,0.789486703772418,92,240,2.3847660818713448
2019,Guanabano,Permanente,0.0,23.0,42.25,311420.0,0.5861111111111111,36,156,7.370887573964497
2019,Guayabo,Permanente,0.0,0.0,0.0,0.0,,0,84,
2019,Haba Grano Seco,Transitorio,575.0,396.0,329.0,815400.0,0.8672480498698519,19,156,2.478419452887538
2019,Haba Grano Verde,Transitorio,0.0,0.0,0.0,0.0,,0,48,
2019,Higuera,Permanente,0.0,12.0,10.36,18040.0,0.3338888888888889,15,72,1.7413127413127414
2019,Lima,Permanente,0.0,0.0,0.0,0.0,,0,96,
2019,Limon Dulce,Permanente,0.0,4.0,5.2,10400.0,0.45499999999999996,12,72,2.0
2019,Limon Sutil,Permanente,319.0,16222.0,172790.0,126814580.0,0.7493804495401707,366,493,0.7339231437004455
2019,Lucumo,Permanente,0.0,81.0,260.0,272000.0,0.7168498168498169,25,204,1.0461538461538462
2019,Maiz Amarillo Duro,Transitorio,12344.0,11839.0,50138.0,50855070.0,4.333460014578735,132,496,1.0143019266823567
2019,Maiz Amilaceo,Transitorio,15201.0,15444.0,14814.0,17587380.0,1.0704134782780461,47,221,1.1872134467395707
2019,Maiz Choclo,Transitorio,400.0,341.0,1959.0,2531700.0,5.744,25,142,1.2923430321592648
2019,Mamey,Permanente,0.0,70.0,64.4,125560.0,0.4354761904761905,34,144,1.9496894409937886
2019,Mango,Permanente,220.0,21956.0,396149.0,397766950.0,2.831612524810372,94,444,1.0040841955930722
2019,Mani  Para Fruta,Transitorio,385.0,382.0,492.0,1983700.0,2.140055315055315,18,119,4.0319105691056905
2019,Maracuya,Permanente,155.0,1455.88,10278.0,11581180.0,1.0723782190970166,154,264,1.1267931504183695
2019,Marigold,Permanente,100.0,100.0,2000.0,4000000.0,20.0,2,150,2.0
2019,Melon,Transitorio,84.0,82.0,1532.0,1702400.0,20.024444444444445,15,67,1.1112271540469973
2019,Nabo,Transitorio,5.0,0.0,0.0,0.0,,0,9,
2019,Naranjo,Permanente,2.0,494.0,2694.0,2203600.0,2.756713554987212,139,394,0.8179658500371195
2019,Nispero,Permanente,0.0,0.0,0.0,0.0,,0,108,
2019,Oca,Transitorio,391.0,303.0,744.0,957800.0,2.4712979422538246,16,112,1.2873655913978495
2019,Olluco,Transitorio,478.0,331.0,964.0,1257300.0,2.8638349827137013,19,154,1.304253112033195
2019,Otros Pastos,Permanente,0.0,12209.0,177102.0,55339240.0,1.4853931424674272,158,264,0.31247100540931216
2019,Pacae O Guabo,Permanente,0.0,119.0,207.5,103750.0,0.28076923076923077,39,336,0.5
2019,Palto,Permanente,0.0,695.0,5806.0,13775300.0,2.297615790251763,46,396,2.372597313124354
2019,Papa (Agrupa Mejoradas Y Nativas),Transitorio,2237.0,1986.0,21931.0,21275650.0,10.222589809914474,68,188,0.9701176416944051
2019,Papaya,Permanente,25.0,57.0,593.0,1141940.0,1.0333333333333334,65,228,1.925699831365936
2019,Paprika,Transitorio,902.0,499.0,1345.0,9092300.0,6.996763874423449,14,146,6.7600743494423785
2019,Pasto Elefante,Permanente,7.0,4011.0,75958.0,15391110.0,3.140250169573945,286,420,0.20262658311171963
2019,Pasto Sudan,Permanente,20.0,0.0,0.0,0.0,,0,77,
2019,Pepinillo (Cucumis Sativus),Transitorio,0.0,0.0,0.0,0.0,,0,12,
2019,Pi A,Permanente,0.0,0.0,0.0,0.0,,0,12,
2019,Piquillo (T.),Transitorio,412.0,246.0,1490.0,1859100.0,6.210526315789474,5,96,1.2477181208053691
2019,Pitahaya,Permanente,18.0,0.0,0.0,0.0,,0,9,
2019,Platanos Y Bananas Para Cocci N (M X Paradisiaca),Permanente,504.0,16021.0,359702.0,296510690.0,1.2755005204056447,549,588,0.8243231619507259
2019,Quinua,Transitorio,0.0,0.0,0.0,0.0,,0,24,
2019,Rabano,Transitorio,0.0,0.0,0.0,0.0,,0,12,
2019,Sandia,Transitorio,456.0,464.0,12295.0,10648100.0,27.557407407407407,45,162,0.8660512403416023
2019,Sorgo Escobero,Transitorio,80.0,50.0,270.0,162000.0,5.333333333333333,3,36,0.6
2019,Soya,Transitorio,318.0,309.0,495.0,884700.0,1.413888888888889,8,66,1.7872727272727273
2019,Tamarindo,Permanente,2.0,220.0,1827.0,2519780.0,3.206198559670782,41,192,1.3791899288451013
2019,Taperiba,Permanente,0.0,250.0,1875.0,1875000.0,1.5,8,72,1.0
2019,Tomate,Transitorio,106.0,98.0,2557.0,2154300.0,25.12820512820513,26,188,0.8425107547907705
2019,Toronjo,Permanente,0.0,0.0,0.0,0.0,,0,48,
2019,Trigo Blando,Transitorio,9992.0,9156.0,9019.0,11758500.0,1.0551208104256293,32,167,1.303747643862956
2019,Tumbo,Permanente,0.0,0.0,0.0,0.0,,0,84,
2019,Tuna,Permanente,0.0,0.0,0.0,0.0,,0,156,
2019,Vid,Permanente,186.0,7077.0,214903.0,620533700.0,9.049944178935489,33,192,2.887505991075043
2019,Yuca,Transitorio,1591.0,864.0,7087.0,8820400.0,7.653809523809524,70,420,1.244588683505009
2019,Zanahoria,Transitorio,176.0,92.0,893.0,1226600.0,9.217142857142857,10,81,1.3735722284434488
2019,Zapallo,Transitorio,61.0,0.0,0.0,0.0,,0,48,
2019,Zarandaja Grano Seco,Transitorio,0.0,0.0,0.0,0.0,,0,72,
2020,Aji,Transitorio,0.0,0.0,0.0,0.0,,0,60,
2020,Ajo,Transitorio,105.0,105.0,246.0,1702000.0,2.3805282436861384,13,78,6.91869918699187
2020,Alfalfa,Permanente,0.0,161.0,5156.0,2793800.0,2.242857142857143,161,180,0.5418541505042669
2020,Algodon,Transitorio,0.0,0.0,0.0,0.0,,0,5,
2020,Algodon Pima,Transitorio,598.0,518.0,2005.0,4879510.0,1.071711268001979,33,229,2.433670822942643
2020,Arroz,Transitorio,54081.0,50132.0,440781.0,554894840.0,7.605860891705605,128,434,1.2588901064247324
2020,Arveja Grano Seco,Transitorio,4345.0,4060.0,3350.0,9518200.0,0.9687286613413952,33,158,2.8412537313432837
2020,Arveja Grano Verde,Transitorio,635.0,512.0,1018.0,2413500.0,1.9844444444444445,15,59,2.3708251473477406
2020,Avena Forrajera,Transitorio,0.0,0.0,0.0,0.0,,0,12,
2020,Banano (Musa Acuminata),Permanente,0.0,0.0,0.0,0.0,,0,24,
2020,Betarraga,Transitorio,0.0,0.0,0.0,0.0,,0,24,
2020,Ca A De Azucar (Para Alcohol),Permanente,0.0,5084.0,101032.0,21027690.0,2.5193672484440714,229,276,0.20812900863092884
2020,Cacao,Permanente,8.0,1568.0,1288.0,5897200.0,0.23368797658198795,66,228,4.578571428571428
2020,Cafeto,Permanente,8.0,8210.0,4987.0,30138800.0,0.261049007162928,57,240,6.043473029877682
2020,Camote,Transitorio,663.0,844.0,11607.0,12621300.0,10.656396627565982,62,304,1.0873869216851901
2020,Cebada Grano,Transitorio,392.0,371.0,339.0,443300.0,0.9260719507101086,20,97,1.307669616519174
2020,Cebolla,Transitorio,166.0,185.0,4269.0,5914690.0,26.03571428571429,36,131,1.3854977746544859
2020,Chirimoyo,Permanente,0.0,374.0,1296.0,1509600.0,1.1143224460821932,43,240,1.164814814814815
2020,Ciruelo (Ciruela Spondias),Permanente,0.0,0.0,0.0,0.0,,0,312,
2020,Cocotero,Permanente,2.0,106.0,3395.0,3291780.0,3.364913101083314,87,156,0.9695964653902799
2020,Coliflor,Transitorio,0.0,0.0,0.0,0.0,,0,12,
2020,Esparrago,Permanente,0.0,0.0,0.0,0.0,,0,96,
2020,Frijol Caupi Chiclayo Castilla Chileno Grano Seco,Transitorio,2202.0,1922.0,4409.0,14721640.0,2.4620922410362382,45,204,3.3389975051031984
2020,Frijol Caupi Chiclayo Castilla Chileno Grano Verde,Transitorio,1143.0,1149.0,2988.0,10598100.0,2.649801719023774,20,68,3.5468875502008026
2020,Frijol De Palo Grano Seco (T.),Transitorio,952.0,1037.0,810.0,1720000.0,2.524,12,149,2.123456790123457
2020,Frijol Grano Seco,Transitorio,3529.0,3837.0,3168.0,10526600.0,0.876174951891682,28,190,3.322790404040404
2020,Girasol,Transitorio,0.0,0.0,0.0,0.0,,0,12,
2020,Granadilla,Permanente,0.0,187.0,641.0,1521620.0,0.5602659245516388,89,240,2.3738221528861154
2020,Guanabano,Permanente,0.0,0.0,0.0,0.0,,0,156,
2020,Guayabo,Permanente,0.0,0.0,0.0,0.0,,0,84,
2020,Haba Grano Seco,Transitorio,424.0,466.0,376.0,873900.0,0.8585834862931576,17,154,2.3242021276595746
2020,Haba Grano Verde,Transitorio,0.0,0.0,0.0,0.0,,0,48,
2020,Higuera,Permanente,0.0,0.0,0.0,0.0,,0,72,
2020,Lima,Permanente,0.0,0.0,0.0,0.0,,0,96,
2020,Limon Dulce,Permanente,0.0,0.0,0.0,0.0,,0,72,
2020,Limon Sutil,Permanente,1.0,16478.0,168920.0,146812620.0,0.7420614526524976,362,516,0.8691251479990528
2020,Limon Tahiti,Permanente,129.0,0.0,0.0,0.0,,0,5,
2020,Lucumo,Permanente,2.0,81.0,141.0,145900.0,0.6082917082917083,16,204,1.0347517730496454
2020,Maiz Amarillo Duro,Transitorio,11111.0,11194.0,39947.0,48032480.0,4.020345732984859,169,501,1.202405186872606
2020,Maiz Amilaceo,Transitorio,13485.0,12925.0,14485.0,21229250.0,1.1043262832209617,42,213,1.4656023472557818
2020,Maiz Choclo,Transitorio,180.0,165.0,990.0,990000.0,6.0,15,143,1.0
2020,Mamey,Permanente,0.0,0.0,0.0,0.0,,0,144,
2020,Mango,Permanente,56.0,22425.0,346845.0,702300160.0,2.4665224660984992,86,444,2.0248242298433015
2020,Mani  Para Fruta,Transitorio,297.0,12.0,12.0,50000.0,1.0,2,78,4.166666666666667
2020,Maracuya,Permanente,0.0,1582.88,9161.0,10449020.0,3.5049282019733656,162,253,1.1405981879707456
2020,Marigold,Permanente,24.0,24.0,550.0,3970000.0,5.0,4,153,7.218181818181818
2020,Melon,Transitorio,67.0,57.0,883.0,1080000.0,16.233333333333334,15,87,1.2231030577576445
2020,Nabo,Transitorio,0.0,0.0,0.0,0.0,,0,12,
2020,Naranjo,Permanente,2.0,442.0,2047.0,1252330.0,2.154575163398693,124,396,0.6117879824132877
2020,Nispero,Permanente,0.0,0.0,0.0,0.0,,0,108,
2020,Oca,Transitorio,265.0,306.0,702.0,1082600.0,2.4783319244857704,13,104,1.542165242165242
2020,Olluco,Transitorio,369.0,369.0,947.0,1340000.0,2.6073906471755937,18,159,1.4149947201689546
2020,Otros Pastos,Permanente,0.0,12909.0,130437.0,24926460.0,1.1132085377158094,171,264,0.19109961130660777
2020,Pacae O Guabo,Permanente,0.0,0.0,0.0,0.0,,0,336,
2020,Palto,Permanente,30.0,594.0,6204.0,13267090.0,2.9368254572166443,51,399,2.1384735654416507
2020,Papa (Agrupa Mejoradas Y Nativas),Transitorio,2410.0,2292.0,27418.0,22594450.0,11.266419488083526,77,197,0.8240736012838281
2020,Papaya,Permanente,30.0,78.0,504.0,766880.0,1.7278231292517006,88,252,1.5215873015873016
2020,Paprika,Transitorio,978.0,1333.0,3433.0,23147100.0,6.037539333024865,34,158,6.742528400815613
2020,Pasto Elefante,Permanente,321.0,4053.0,66310.0,14852980.0,1.9521479579150343,292,420,0.22399306288644247
2020,Pasto Sudan,Permanente,0.0,0.0,0.0,0.0,,0,72,
2020,Pepinillo (Cucumis Sativus),Transitorio,0.0,0.0,0.0,0.0,,0,12,
2020,Pi A,Permanente,0.0,0.0,0.0,0.0,,0,12,
2020,Piquillo (T.),Transitorio,521.0,670.0,5343.0,6356600.0,7.324110671936759,11,71,1.1897061575893693
2020,Pitahaya,Permanente,0.0,0.0,0.0,0.0,,0,12,
2020,Platanos Y Bananas Para Cocci N (M X Paradisiaca),Permanente,20.0,16022.0,353380.3,292139360.0,1.2450018821341018,541,588,0.8266996207768231
2020,Quinua,Transitorio,2.0,0.0,0.0,0.0,,0,34,
2020,Rabano,Transitorio,306.0,0.0,0.0,0.0,,0,17,
2020,Sandia,Transitorio,635.0,563.0,15921.0,17668200.0,27.82903225806452,62,197,1.1097418503862824
2020,Sorgo Escobero,Transitorio,10.0,30.0,150.0,90000.0,5.0,2,29,0.6
2020,Soya,Transitorio,511.0,271.0,798.0,1596000.0,2.7,8,116,2.0
2020,Tamarindo,Permanente,33.0,220.0,2065.0,4790950.0,3.088052983539095,32,215,2.3200726392251814
2020,Taperiba,Permanente,5.0,0.0,0.0,0.0,,0,84,
2020,Tomate,Transitorio,76.0,68.0,1199.0,1781600.0,17.896551724137932,29,179,1.485904920767306
2020,Toronjo,Permanente,0.0,0.0,0.0,0.0,,0,48,
2020,Trigo Blando,Transitorio,10120.0,10172.0,11195.0,16031800.0,1.0890493805406696,30,160,1.4320500223313979
2020,Tumbo,Permanente,0.0,0.0,0.0,0.0,,0,84,
2020,Tuna,Permanente,0.0,0.0,0.0,0.0,,0,156,
2020,Vid,Permanente,400.0,7557.0,183243.0,623542500.0,10.789705734357941,36,192,3.402817570111819
2020,Yuca,Transitorio,824.0,888.0,8000.0,10869300.0,8.294631467044649,83,399,1.3586625
2020,Zanahoria,Transitorio,134.0,107.0,629.0,858900.0,7.333419958419959,8,80,1.3655007949125595
2020,Zapallo,Transitorio,0.0,0.0,0.0,0.0,,0,48,
2020,Zarandaja Grano Seco,Transitorio,0.0,0.0,0.0,0.0,,0,72,
2021,Aji,Transitorio,0.0,0.0,0.0,0.0,,0,60,
2021,Ajo,Transitorio,119.0,90.0,251.0,1879310.0,2.732695374800638,10,75,7.487290836653386
2021,Alfalfa,Permanente,47.0,171.0,5495.0,3456870.0,4.406190476190476,152,186,0.6290937215650592
2021,Algodon Pima,Transitorio,710.0,734.0,2897.0,16214220.0,0.7821461116758285,37,239,5.596900241629272
2021,Arroz,Transitorio,53074.0,63962.0,590502.0,723546030.0,8.199051319713973,127,410,1.2253066543381734
2021,Arveja Grano Seco,Transitorio,4776.0,4554.0,3295.0,8769140.0,0.8221626923427356,42,183,2.6613474962063735
2021,Arveja Grano Verde,Transitorio,580.0,658.0,1253.0,3245780.0,1.9010069545059405,15,66,2.5904070231444534
2021,Avena Forrajera,Transitorio,0.0,0.0,0.0,0.0,,0,12,
2021,Banano (Musa Acuminata),Permanente,0.0,0.0,0.0,0.0,,0,24,
2021,Betarraga,Transitorio,0.0,0.0,0.0,0.0,,0,24,
2021,Ca A De Azucar (Para Alcohol),Permanente,63.0,5146.0,93773.0,20167750.0,3.0134866643022846,238,276,0.21506990285050068
2021,Cacao,Permanente,45.0,1567.0,1486.0,8625250.0,0.19360300140332198,77,228,5.804340511440108
2021,Cafeto,Permanente,297.0,8190.0,4854.0,35777430.0,0.18493207883839555,58,240,7.370710754017305
2021,Camote,Transitorio,907.0,837.0,11144.0,11623130.0,11.013218390804598,58,313,1.0429944364680546
2021,Cebada Grano,Transitorio,403.0,399.0,366.0,684120.0,0.9123120056371289,21,106,1.8691803278688521
2021,Cebolla,Transitorio,225.0,188.0,3854.0,3972500.0,24.936111111111114,36,152,1.030747275557862
2021,Chirimoyo,Permanente,11.0,470.0,1255.0,1961950.0,0.6048331793776999,77,240,1.5633067729083663
2021,Ciruelo (Ciruela Spondias),Permanente,0.0,45.0,53.0,102400.0,1.31,2,312,1.9320754716981132
2021,Cocotero,Permanente,0.0,106.0,3934.0,3901990.0,5.222344322344322,106,156,0.9918632435180479
2021,Coliflor,Transitorio,0.0,0.0,0.0,0.0,,0,12,
2021,Esparrago,Permanente,0.0,0.0,0.0,0.0,,0,96,
2021,Frijol Caupi Chiclayo Castilla Chileno Grano Seco,Transitorio,5653.0,5421.0,11150.0,31557800.0,2.556529498332155,62,234,2.8302959641255603
2021,Frijol Caupi Chiclayo Castilla Chileno Grano Verde,Transitorio,1049.0,1018.0,3054.0,10484160.0,3.0,23,53,3.4329273084479373
2021,Frijol De Palo Grano Seco (T.),Transitorio,88.0,58.0,271.0,338050.0,5.0636363636363635,11,151,1.2474169741697418
2021,Frijol Grano Seco,Transitorio,5950.0,5778.0,5246.0,17807220.0,1.243618865953924,35,206,3.3944376667937477
2021,Girasol,Transitorio,0.0,0.0,0.0,0.0,,0,12,
2021,Granadilla,Permanente,15.0,190.0,650.0,1623250.0,0.6652803545660689,89,240,2.4973076923076922
2021,Guanabano,Permanente,16.0,0.0,0.0,0.0,,0,156,
2021,Guayabo,Permanente,0.0,0.0,0.0,0.0,,0,84,
2021,Haba Grano Seco,Transitorio,713.0,655.0,531.0,1344790.0,0.7788689870209237,27,159,2.5325612052730695
2021,Haba Grano Verde,Transitorio,50.0,19.0,38.0,95379.99999999999,2.0,1,48,2.51
2021,Higuera,Permanente,0.0,0.0,0.0,0.0,,0,72,
2021,Lima,Permanente,0.0,0.0,0.0,0.0,,0,96,
2021,Limon Dulce,Permanente,0.0,1.0,3.0,2400.0,3.0,1,72,0.8000000000000002
2021,Limon Sutil,Permanente,298.0,16244.0,182984.0,186204650.0,1.0674811116763656,385,521,1.017600719188563
2021,Limon Tahiti,Permanente,167.0,0.0,0.0,0.0,,0,22,
2021,Lucumo,Permanente,0.0,78.0,273.0,301930.0,1.0382721445221446,30,204,1.1059706959706959
2021,Maiz Amarillo Duro,Transitorio,16787.0,13981.0,58033.0,85361480.0,4.517739589691272,181,550,1.470912756535075
2021,Maiz Amilaceo,Transitorio,16079.0,14823.0,17595.0,31044530.0,1.218927720920877,42,225,1.7643949985791418
2021,Maiz Choclo,Transitorio,211.0,198.0,1312.0,1454320.0,6.352941176470588,34,167,1.1084756097560977
2021,Mamey,Permanente,0.0,15.0,8.0,8000.0,0.5333333333333333,1,144,1.0
2021,Mango,Permanente,83.0,21973.0,347007.0,366698750.0,2.92029724105252,119,444,1.0567474143172904
2021,Mani  Para Fruta,Transitorio,449.0,361.0,311.0,1295620.0,1.3273049731838127,7,86,4.165980707395499
2021,Maracuya,Permanente,74.0,1159.88,12741.0,14385750.0,1.0679916776017855,174,257,1.12909112314575
2021,Marigold,Permanente,0.0,0.0,0.0,0.0,,0,156,
2021,Melon,Transitorio,50.0,45.0,568.0,637650.0,15.875,16,92,1.1226232394366196
2021,Nabo,Transitorio,0.0,0.0,0.0,0.0,,0,12,
2021,Naranjo,Permanente,1.0,489.0,2033.0,1336820.0,1.7391020176186416,134,393,0.6575602557796358
2021,Nispero,Permanente,0.0,0.0,0.0,0.0,,0,108,
2021,Oca,Transitorio,326.0,245.0,523.0,952280.0,2.343958333333333,16,112,1.8208030592734226
2021,Olluco,Transitorio,369.0,350.0,952.0,1851240.0,2.873368112488898,16,161,1.9445798319327732
2021,Otros Pastos,Permanente,75.0,12209.0,71649.0,17362790.0,1.3000320840126762,172,270,0.24233122583706682
2021,Pacae O Guabo,Permanente,45.0,0.0,0.0,0.0,,0,336,
2021,Palto,Permanente,31.0,611.0,5973.0,14757740.0,1.139589149964008,62,408,2.470741670852168
2021,Papa (Agrupa Mejoradas Y Nativas),Transitorio,2627.0,2727.0,29067.0,22673670.0,10.703326448249472,61,199,0.7800485086180206
2021,Papaya,Permanente,20.0,92.0,2200.0,2863590.0,2.923175542406312,113,282,1.3016318181818183
2021,Paprika,Transitorio,546.0,539.0,2452.0,7450190.0,5.267903525046383,28,157,3.0384135399673733
2021,Pasto Elefante,Permanente,72.0,4075.0,70333.0,17395170.0,2.2470028255248256,298,432,0.2473258641036213
2021,Pasto Sudan,Permanente,0.0,0.0,0.0,0.0,,0,72,
2021,Pepinillo (Cucumis Sativus),Transitorio,0.0,0.0,0.0,0.0,,0,12,
2021,Pi A,Permanente,0.0,0.0,0.0,0.0,,0,12,
2021,Piquillo (T.),Transitorio,659.0,677.0,3751.0,4518560.0,5.65,5,59,1.2046280991735538
2021,Pitahaya,Permanente,20.0,0.0,0.0,0.0,,0,32,
2021,Platanos Y Bananas Para Cocci N (M X Paradisiaca),Permanente,4.0,16204.0,327410.0,296107020.0,1.521434605949918,550,600,0.9043921077548029
2021,Quinua,Transitorio,0.0,0.0,0.0,0.0,,0,36,
2021,Rabano,Transitorio,0.0,0.0,0.0,0.0,,0,24,
2021,Sandia,Transitorio,488.0,449.0,15529.0,14606750.0,34.74705882352941,51,208,0.940611114688647
2021,Sorgo Escobero,Transitorio,19.0,20.0,120.0,96000.0,6.0,1,46,0.8
2021,Soya,Transitorio,232.0,210.0,636.0,1522730.0,2.668888888888889,5,122,2.3942295597484278
2021,Tamarindo,Permanente,3.0,196.0,1065.0,1610860.0,2.5375340708674043,37,216,1.5125446009389671
2021,Taperiba,Permanente,0.0,0.0,0.0,0.0,,0,84,
2021,Tomate,Transitorio,98.0,95.0,2182.0,3332390.0,22.3965811965812,39,182,1.527218148487626
2021,Toronjo,Permanente,0.0,0.0,0.0,0.0,,0,48,
2021,Trigo Blando,Transitorio,10675.0,10121.0,11268.0,16924580.0,1.1361145542956879,31,152,1.5020039048633296
2021,Tumbo,Permanente,0.0,0.0,0.0,0.0,,0,84,
2021,Tuna,Permanente,0.0,0.0,0.0,0.0,,0,156,
2021,Vid,Permanente,319.0,7673.0,197334.0,761157080.0,8.633558340884184,38,192,3.8572019013449275
2021,Yuca,Transitorio,1001.0,728.0,6165.8,9658440.0,8.411800385993935,62,408,1.56645366375815
2021,Zanahoria,Transitorio,97.0,116.0,581.0,716500.0,5.875908119658119,10,86,1.2332185886402751
2021,Zapallo,Transitorio,40.0,59.0,195.0,205200.0,3.535714285714286,5,41,1.0523076923076922
2021,Zarandaja Grano Seco,Transitorio,0.0,0.0,0.0,0.0,,0,72,
2022,Aji,Transitorio,0.0,0.0,0.0,0.0,,0,60,
2022,Ajo,Transitorio,120.0,119.0,283.0,1693760.0,2.317099567099567,11,99,5.985017667844523
2022,Alfalfa,Permanente,90.0,242.0,5681.0,4350790.0,2.0388187314040973,148,192,0.7658493223024115
2022,Algodon Pima,Transitorio,2840.0,2992.0,12933.0,80134770.0,2.0665149518029087,43,239,6.196147065646022
2022,Arroz,Transitorio,47226.0,41862.0,377454.0,563163640.0,8.00339225954011,94,369,1.4920060192765212
2022,Arveja Grano Seco,Transitorio,5124.0,5179.0,3908.0,10315980.0,0.8728126084679207,42,175,2.6397082906857725
2022,Arveja Grano Verde,Transitorio,761.0,714.0,1458.0,3218530.0,2.0416756854256852,24,71,2.2074965706447185
2022,Avena Forrajera,Transitorio,0.0,0.0,0.0,0.0,,0,12,
2022,Banano (Musa Acuminata),Permanente,0.0,97.0,3983.0,3873600.0,2.7422680412371134,12,24,0.9725332663821241
2022,Betarraga,Transitorio,0.0,0.0,0.0,0.0,,0,24,
2022,Ca A De Azucar (Para Alcohol),Permanente,14.0,4645.0,93281.0,22643270.0,3.6080832262541302,221,276,0.24274257351443493
2022,Cacao,Permanente,1.0,1500.0,2177.0,12269920.0,0.88592345500237,128,240,5.636159853008728
2022,Cafeto,Permanente,11.0,8289.0,5662.0,42012700.0,0.1791104278852692,79,240,7.420116566584246
2022,Camote,Transitorio,1012.0,971.0,12343.0,13020470.0,7.292473843832078,39,276,1.054886980474763
2022,Cebada Grano,Transitorio,376.0,343.0,303.0,585070.0,0.858269336442711,17,106,1.930924092409241
2022,Cebolla,Transitorio,334.0,318.0,5141.0,6149710.0,21.97714285714286,35,173,1.1962089087726122
2022,Chirimoyo,Permanente,4.0,459.0,1453.0,1643130.0,0.7000207494980386,99,240,1.1308534067446663
2022,Ciruelo (Ciruela Spondias),Permanente,0.0,65.0,299.0,391030.0,2.7482919254658382,6,312,1.3077926421404684
2022,Cocotero,Permanente,0.0,106.0,5577.0,7702490.0,4.0948717948717945,90,156,1.381117088040165
2022,Coliflor,Transitorio,0.0,0.0,0.0,0.0,,0,12,
2022,Esparrago,Permanente,0.0,0.0,0.0,0.0,,0,96,
2022,Frijol Caupi Chiclayo Castilla Chileno Grano Seco,Transitorio,3335.0,2890.0,5124.0,17503210.0,2.0935724616535314,62,255,3.4159270101483217
2022,Frijol Caupi Chiclayo Castilla Chileno Grano Verde,Transitorio,1659.0,1763.0,4639.0,16730990.0,2.423611111111111,9,51,3.6065940935546448
2022,Frijol De Palo Grano Seco (T.),Transitorio,225.0,108.0,690.0,956300.0,6.385714285714286,14,166,1.3859420289855071
2022,Frijol Grano Seco,Transitorio,5205.0,6030.0,4104.0,14296860.0,0.7722428962083094,42,198,3.483640350877193
2022,Girasol,Transitorio,0.0,0.0,0.0,0.0,,0,12,
2022,Granadilla,Permanente,12.0,199.0,687.0,1670790.0,0.4666248281632897,86,240,2.4320087336244542
2022,Guanabano,Permanente,0.0,3.0,65.0,130000.0,9.333333333333334,2,156,2.0
2022,Guayabo,Permanente,0.0,0.0,0.0,0.0,,0,84,
2022,Haba Grano Seco,Transitorio,562.0,559.0,408.0,1044120.0,0.7066928178029682,26,163,2.559117647058823
2022,Haba Grano Verde,Transitorio,0.0,0.0,0.0,0.0,,0,48,
2022,Higuera,Permanente,0.0,0.0,0.0,0.0,,0,72,
2022,Lima,Permanente,0.0,0.0,0.0,0.0,,0,96,
2022,Limon Dulce,Permanente,0.0,0.0,0.0,0.0,,0,72,
2022,Limon Sutil,Permanente,129.0,16269.0,241674.8,320771322.0,0.982516244249728,417,536,1.3272849382724226
2022,Limon Tahiti,Permanente,160.0,167.0,5388.0,5855000.0,1.8985981308411215,24,48,1.0866740905716408
2022,Lucuma (Producto),Permanente,3.0,6.0,3.0,1500.0,0.5,1,5,0.5
2022,Lucumo,Permanente,6.0,143.0,306.0,453360.0,0.9090273363000635,37,204,1.4815686274509805
2022,Maiz Amarillo Duro,Transitorio,23394.0,24834.0,109403.0,176993420.0,4.49660151338665,190,592,1.6178113945687045
2022,Maiz Amilaceo,Transitorio,11813.0,13846.0,14123.0,27284580.0,0.9899502729208627,49,220,1.9319252283509165
2022,Maiz Choclo,Transitorio,495.0,413.0,2443.0,3204220.0,5.892682926829268,41,181,1.311592304543594
2022,Mamey,Permanente,0.0,2.0,28.0,42280.0,10.0,2,144,1.51
2022,Mango,Permanente,91.0,22379.0,386683.0,357220490.0,3.822957455450211,140,449,0.9238070719426507
2022,Mani  Para Fruta,Transitorio,460.0,446.0,496.0,2471990.0,1.4338129180151606,13,99,4.9838508064516125
2022,Mani Fruta,Transitorio,6.0,6.0,5.0,30000.0,0.8333333333333334,1,3,6.0
2022,Maracuya,Permanente,13.0,930.88,10772.0,15092340.0,1.575893329554044,181,302,1.4010712959524692
2022,Marigold,Permanente,29.0,29.0,24.0,116510.0,0.8023809523809524,2,164,4.854583333333333
2022,Melon,Transitorio,102.0,106.0,1369.0,1583560.0,15.256410256410257,26,109,1.15672753834916
2022,Nabo,Transitorio,0.0,0.0,0.0,0.0,,0,12,
2022,Naranjo,Permanente,20.0,469.0,2182.0,1599420.0,1.614795008912656,116,392,0.733006416131989
2022,Nispero,Permanente,0.0,0.0,0.0,0.0,,0,108,
2022,Oca,Transitorio,736.0,537.0,1462.0,2670750.0,2.4881034727371225,22,136,1.8267783857729138
2022,Olluco,Transitorio,441.0,443.0,1145.0,1454960.0,2.57357587612338,22,129,1.270707423580786
2022,Otros Pastos,Permanente,51.0,12153.0,60581.0,14501680.0,1.5802746810072208,165,276,0.2393767022663871
2022,Pacae O Guabo,Permanente,0.0,0.0,0.0,0.0,,0,336,
2022,Palto,Permanente,69.0,704.0,5346.0,11869000.0,2.48956154267704,98,371,2.220164609053498
2022,Papa (Agrupa Mejoradas Y Nativas),Transitorio,1584.0,1809.0,19452.0,29985620.0,10.024138620902274,56,188,1.5415186099115774
2022,Papaya,Permanente,64.0,146.0,2855.0,4426920.0,2.2239309210526317,130,291,1.550584938704028
2022,Paprika,Transitorio,544.0,567.0,2315.0,17373410.0,4.958075706560555,22,136,7.50471274298056
2022,Pasto Elefante,Permanente,78.0,4320.0,60483.8,18908470.0,2.383401156687347,273,436,0.3126204041412742
2022,Pasto Sudan,Permanente,0.0,10.0,620.0,2821200.0,10.0,7,72,4.550322580645161
2022,Pepinillo (Cucumis Sativus),Transitorio,0.0,0.0,0.0,0.0,,0,12,
2022,Pi A,Permanente,0.0,0.0,0.0,0.0,,0,12,
2022,Piquillo (T.),Transitorio,342.0,327.0,2280.0,2787650.0,6.625,8,81,1.2226535087719297
2022,Pitahaya,Permanente,19.0,35.0,320.0,1600000.0,5.1,16,68,5.0
2022,Platanos Y Bananas Para Cocci N (M X Paradisiaca),Permanente,278.0,16041.0,406622.0,421506730.0,1.3868327288900681,518,621,1.036605815720743
2022,Quinua,Transitorio,0.0,0.0,0.0,0.0,,0,36,
2022,Rabano,Transitorio,0.0,0.0,0.0,0.0,,0,24,
2022,Sandia,Transitorio,489.0,483.0,10154.0,12420190.0,20.493166570271832,44,208,1.223181997242466
2022,Sorgo Escobero,Transitorio,0.0,9.0,63.0,72240.0,7.0,2,43,1.1466666666666667
2022,Soya,Transitorio,292.0,344.0,868.0,2770840.0,2.0644444444444447,15,119,3.1922119815668206
2022,Tamarindo,Permanente,2.0,199.0,1338.0,2418640.0,2.914212228101117,52,224,1.8076532137518684
2022,Taperiba,Permanente,10.0,265.0,6087.0,7877430.0,1.6,22,96,1.2941399704287826
2022,Tomate,Transitorio,134.0,109.0,2199.0,3351710.0,22.04583333333333,28,213,1.5241973624374716
2022,Toronjo,Permanente,0.0,0.0,0.0,0.0,,0,48,
2022,Trigo Blando,Transitorio,11192.0,11152.0,11125.0,19711970.0,0.9902227829469407,33,140,1.7718624719101124
2022,Tumbo,Permanente,0.0,0.0,0.0,0.0,,0,84,
2022,Tuna,Permanente,0.0,0.0,0.0,0.0,,0,156,
2022,Vid,Permanente,116.0,8525.0,183755.0,672504280.0,9.17716565432237,35,192,3.6597876520366794
2022,Yuca,Transitorio,1232.0,1048.0,8530.0,13159240.0,8.362094147383782,82,423,1.5427010550996483
2022,Zanahoria,Transitorio,155.0,182.0,936.0,1188650.0,5.695252116304748,13,83,1.2699252136752137
2022,Zapallo,Transitorio,43.0,0.0,0.0,0.0,,0,36,
2022,Zarandaja Grano Seco,Transitorio,0.0,0.0,0.0,0.0,,0,72,
2023,Aji,Transitorio,0.0,0.0,0.0,0.0,,0,60,
2023,Ajo,Transitorio,105.0,106.0,279.0,2293000.0,2.4638528138528137,14,101,8.21863799283154
2023,Alfalfa,Permanente,46.15,256.0,6227.4,3833770.0,2.428011204481793,151,182,0.6156293156052285
2023,Algodon,Transitorio,3634.0,2733.0,4323.0,16011430.0,0.5394179265907343,29,108,3.7037774693499887
2023,Algodon Pima,Transitorio,113.0,114.0,109.0,492880.0,0.7898550724637681,3,133,4.521834862385321
2023,Arroz,Transitorio,51105.0,53438.0,487442.0,741089890.0,7.915704001431912,136,431,1.5203652742274976
2023,Arveja Grano Seco,Transitorio,5079.0,5031.0,3496.0,10682380.0,0.7835728293967955,50,173,3.055600686498856
2023,Arveja Grano Verde,Transitorio,761.0,775.0,1578.0,3869050.0,2.0948468465213086,22,71,2.4518694550063374
2023,Avena Forrajera,Transitorio,0.0,0.0,0.0,0.0,,0,12,
2023,Banano (Musa Acuminata),Permanente,0.0,88.0,3833.0,3663420.0,3.909090909090909,12,24,0.9557578919906079
2023,Betarraga,Transitorio,0.0,0.0,0.0,0.0,,0,24,
2023,Ca A De Azucar (Para Alcohol),Permanente,365.0,4867.0,97848.0,21720530.0,2.7520491191021024,216,276,0.22198236039571578
2023,Cacao,Permanente,5.0,1445.0,1789.0,11369210.0,0.4234774888424445,144,240,6.355064281721631
2023,Cafeto,Permanente,218.0,7993.0,4846.0,43652600.0,0.2590664844908189,67,228,9.00796533223277
2023,Camote,Transitorio,811.0,816.0,8645.0,10199710.0,6.083748644385291,42,272,1.1798392134181608
2023,Cebada Grano,Transitorio,417.0,409.0,415.0,688590.0,0.9510211141060199,20,103,1.6592530120481925
2023,Cebolla,Transitorio,237.0,259.0,4109.0,6032520.0,19.652845528455284,41,147,1.4681236310537844
2023,Chirimoyo,Permanente,0.0,396.0,1302.0,1413240.0,0.5251853155364997,93,240,1.0854377880184332
2023,Ciruelo (Ciruela Spondias),Permanente,0.0,36.0,127.0,177050.0,4.133333333333334,4,312,1.3940944881889765
2023,Cocotero,Permanente,0.0,106.0,6081.0,14897600.0,4.367648663393345,85,156,2.449860220358494
2023,Coliflor,Transitorio,0.0,0.0,0.0,0.0,,0,12,
2023,Esparrago,Permanente,0.0,0.0,0.0,0.0,,0,96,
2023,Frijol Caupi Chiclayo Castilla Chileno Grano Seco,Transitorio,11807.0,11719.0,18404.0,51742470.0,2.321377368915881,53,204,2.8114795696587698
2023,Frijol Caupi Chiclayo Castilla Chileno Grano Verde,Transitorio,1213.0,899.0,1594.0,6146900.0,2.01448712874403,37,106,3.856273525721456
2023,Frijol De Palo Grano Seco (T.),Transitorio,235.0,295.0,1053.0,1432890.0,4.820334168755221,21,159,1.360769230769231
2023,Frijol Grano Seco,Transitorio,6825.0,5944.0,3935.0,17208310.0,0.7624516377172681,40,192,4.373141041931385
2023,Girasol,Transitorio,0.0,0.0,0.0,0.0,,0,12,
2023,Granadilla,Permanente,3.0,239.0,884.0,2180320.0,0.9993576942493351,99,240,2.4664253393665154
2023,Guanabano,Permanente,0.0,4.0,143.0,286000.0,21.0,3,156,2.0
2023,Guayabo,Permanente,0.0,0.0,0.0,0.0,,0,84,
2023,Haba Grano Seco,Transitorio,767.0,732.0,545.0,1510740.0,0.7515460691959919,34,148,2.772
2023,Haba Grano Verde,Transitorio,0.0,0.0,0.0,0.0,,0,48,
2023,Higuera,Permanente,0.0,0.0,0.0,0.0,,0,72,
2023,Lima,Permanente,0.0,0.0,0.0,0.0,,0,96,
2023,Limon Dulce,Permanente,0.0,0.0,0.0,0.0,,0,72,
2023,Limon Sutil,Permanente,563.0,15967.0,151423.0,274087610.0,1.1595415323269687,403,538,1.810079116118423
2023,Limon Tahiti,Permanente,50.0,327.0,5710.0,11619770.0,1.2341121495327103,27,48,2.034985989492119
2023,Lucuma (Producto),Permanente,0.0,6.0,8.0,6800.0,0.8333333333333334,3,9,0.85
2023,Lucumo,Permanente,2.0,142.0,341.8,364140.0,0.6933566433566433,71,204,1.0653598595669982
2023,Maiz Amarillo Duro,Transitorio,17821.0,14548.0,58535.0,83194690.0,4.385789622238467,209,555,1.4212811138635004
2023,Maiz Amilaceo,Transitorio,15377.0,13228.0,12506.0,33791510.0,0.9181715840884623,42,203,2.7020238285622895
2023,Maiz Choclo,Transitorio,375.0,385.0,2005.0,2641070.0,5.285416666666666,32,170,1.3172418952618452
2023,Mamey,Permanente,0.0,2.0,26.0,52000.0,7.0,2,144,2.0
2023,Mango,Permanente,1010.0,28367.0,217524.0,237710970.0,2.377001853465603,100,447,1.0928034147956087
2023,Mani  Para Fruta,Transitorio,419.0,424.0,348.0,1743060.0,1.0750652992840493,16,97,5.0087931034482756
2023,Mani Fruta,Transitorio,8.0,8.0,5.0,15000.0,0.625,1,4,3.0
2023,Maracuya,Permanente,96.0,1546.0,10339.0,19524680.0,2.452624204826681,183,296,1.8884495599187543
2023,Marigold,Permanente,5.0,5.0,90.0,135000.0,18.0,1,99,1.5
2023,Melon,Transitorio,54.0,42.0,423.0,565670.0,11.600000000000001,9,64,1.3372813238770687
2023,Nabo,Transitorio,0.0,0.0,0.0,0.0,,0,12,
2023,Naranjo,Permanente,8.0,463.0,1847.0,1679710.0,1.448732585139319,132,387,0.9094260963724959
2023,Nispero,Permanente,0.0,0.0,0.0,0.0,,0,108,
2023,Oca,Transitorio,580.0,484.0,1384.0,2721210.0,2.801413269168418,20,140,1.966192196531792
2023,Olluco,Transitorio,668.0,538.0,1377.0,2601890.0,2.63028791046352,25,147,1.8895352214960057
2023,Otros Pastos,Permanente,0.0,12187.0,60608.0,12164780.0,1.5558612426422807,168,276,0.20071244720168957
2023,Pacae O Guabo,Permanente,0.0,0.0,0.0,0.0,,0,336,
2023,Palto,Permanente,54.0,715.0,5567.0,8265600.0,2.4205256879110704,124,361,1.4847494162026222
2023,Papa (Agrupa Mejoradas Y Nativas),Transitorio,2521.0,2192.0,24065.0,40836390.0,10.996791223358585,76,186,1.6969204238520672
2023,Papaya,Permanente,50.0,136.0,1953.0,3594130.0,3.043452380952381,111,253,1.8403123399897594
2023,Paprika,Transitorio,850.0,800.0,5005.0,60444870.0,7.1991350153114855,26,158,12.076897102897103
2023,Pasto Elefante,Permanente,101.0,4362.0,57292.0,15511390.0,2.058026499879451,246,392,0.2707426865880053
2023,Pasto Sudan,Permanente,0.0,10.0,11.0,2200.0,1.1,1,72,0.2
2023,Pepinillo (Cucumis Sativus),Transitorio,0.0,0.0,0.0,0.0,,0,12,
2023,Pi A,Permanente,0.0,0.0,0.0,0.0,,0,12,
2023,Pimiento,Transitorio,67.0,57.0,371.0,556830.0,6.55,2,24,1.50088948787062
2023,Piquillo (T.),Transitorio,285.0,10.0,70.0,84000.0,7.0,1,76,1.2
2023,Pitahaya,Permanente,31.0,80.0,1866.0,6211200.0,4.366743471582181,40,84,3.3286173633440512
2023,Platanos Y Bananas Para Cocci N (M X Paradisiaca),Permanente,274.0,14701.0,412081.0,475572950.0,1.5624508309888472,543,619,1.1540763830411982
2023,Quinua,Transitorio,0.0,0.0,0.0,0.0,,0,36,
2023,Rabano,Transitorio,0.0,0.0,0.0,0.0,,0,24,
2023,Sandia,Transitorio,634.0,454.0,12162.0,13637290.0,28.816326530612244,49,196,1.1213032395987503
2023,Sorgo Escobero,Transitorio,19.0,19.0,114.0,177000.0,6.0,2,30,1.5526315789473684
2023,Sorgo Grano,Transitorio,10.0,10.0,60.0,60000.0,6.0,1,2,1.0
2023,Soya,Transitorio,369.0,313.0,841.0,2644310.0,1.9073809523809524,15,103,3.144244946492271
2023,Tamarindo,Permanente,0.0,219.0,2463.0,5490450.0,4.326587301587302,82,228,2.2291717417783192
2023,Taperiba,Permanente,0.0,265.0,5974.0,8212730.0,1.655252100840336,21,96,1.3747455641111483
2023,Tomate,Transitorio,113.0,117.0,1810.0,2897840.0,20.82051282051282,26,190,1.6010165745856355
2023,Toronjo,Permanente,0.0,0.0,0.0,0.0,,0,48,
2023,Trigo Blando,Transitorio,10086.0,10049.0,11334.0,21552750.0,1.1112434347515385,32,130,1.9016013763896242
2023,Tumbo,Permanente,0.0,0.0,0.0,0.0,,0,84,
2023,Tuna,Permanente,0.0,0.0,0.0,0.0,,0,145,
2023,Vid,Permanente,480.0,7764.0,224373.0,822927080.0,7.249701482996356,34,192,3.667674274533923
2023,Yuca,Transitorio,961.0,708.0,5746.0,10586370.0,7.468089248277927,106,427,1.8423894883397145
2023,Zanahoria,Transitorio,144.0,135.0,553.0,748980.0,4.760592348827643,11,69,1.3543942133815552
2023,Zapallo,Transitorio,15.0,26.0,69.0,76590.0,2.6538461538461537,1,36,1.11
2023,Zarandaja Grano Seco,Transitorio,5.0,0.0,0.0,0.0,,0,75,
2024,Aji,Transitorio,0.0,0.0,0.0,0.0,,0,60,
2024,Ajo,Transitorio,179.0,159.0,553.0,6540000.0,3.195940078158923,14,88,11.82640144665461
2024,Alfalfa,Permanente,8.0,0.0,6639.0,3518110.0,,143,186,0.5299156499472812
2024,Algodon,Transitorio,2485.0,0.0,2128.0,8940370.0,,30,110,4.2013016917293236
2024,Algodon Pima,Transitorio,2.0,0.0,2.0,8400.0,,1,80,4.2
2024,Arroz,Transitorio,63324.0,60164.0,559500.0,876767080.0,7.55655000175818,160,427,1.567054655942806
2024,Arveja Grano Seco,Transitorio,4410.0,4396.0,3171.0,9734580.0,0.9880296192315063,42,149,3.069877010406812
2024,Arveja Grano Verde,Transitorio,656.0,660.0,1354.0,5134580.0,1.9920201461935332,24,67,3.7921565731166913
2024,Avena Forrajera,Transitorio,0.0,0.0,0.0,0.0,,0,12,
2024,Banano (Musa Acuminata),Permanente,0.0,0.0,2788.0,2691900.0,,12,24,0.9655308464849353
2024,Betarraga,Transitorio,0.0,0.0,0.0,0.0,,0,24,
2024,Ca A De Azucar (Para Alcohol),Permanente,40.0,0.0,117373.0,22206660.0,,230,276,0.18919734521567996
2024,Cacao,Permanente,0.0,0.0,2729.0,47822200.0,,175,240,17.523708318065225
2024,Cafeto,Permanente,191.0,0.0,7939.0,77554700.0,,102,228,9.768824789016248
2024,Camote,Transitorio,769.0,791.0,7534.0,12275120.0,6.1756501182033094,47,291,1.6292965224316431
2024,Cebada Grano,Transitorio,423.0,427.0,462.0,923640.0,0.9791334396597554,19,79,1.9992207792207795
2024,Cebolla,Transitorio,231.0,202.0,3171.0,5209510.0,20.145555555555557,30,148,1.6428602964364554
2024,Chirimoyo,Permanente,0.0,0.0,1267.0,1613160.0,,85,234,1.273212312549329
2024,Ciruelo (Ciruela Spondias),Permanente,0.0,0.0,217.0,343800.0,,6,312,1.584331797235023
2024,Cocotero,Permanente,5.0,0.0,4319.0,8104360.0,,64,157,1.8764436212086133
2024,Coliflor,Transitorio,0.0,0.0,0.0,0.0,,0,12,
2024,Esparrago,Permanente,0.0,0.0,0.0,0.0,,0,96,
2024,Frijol Caupi Chiclayo Castilla Chileno Grano Seco,Transitorio,691.0,667.0,1430.0,4493470.0,2.340930545568642,49,187,3.1422867132867136
2024,Frijol Caupi Chiclayo Castilla Chileno Grano Verde,Transitorio,771.0,776.0,1565.0,5620670.0,2.854623560236906,35,64,3.5914824281150155
2024,Frijol De Palo G.V. (T.)(Propducto),Transitorio,0.0,0.0,0.0,0.0,,0,1,
2024,Frijol De Palo Grano Seco (01)(Poducto),Transitorio,86.0,0.0,61.0,127000.0,,7,12,2.081967213114754
2024,Frijol De Palo Grano Seco (T.),Transitorio,155.0,180.0,556.0,927200.0,4.150980392156862,17,157,1.6676258992805757
2024,Frijol Grano Seco,Transitorio,6265.0,7038.0,5362.0,22040060.0,0.8466387898788323,43,187,4.110417754569191
2024,Girasol,Transitorio,0.0,0.0,0.0,0.0,,0,12,
2024,Granadilla,Permanente,4.0,0.0,1131.0,2598500.0,,101,240,2.297524314765694
2024,Granadilla Criolla O Nacional,Permanente,2.0,0.0,0.0,0.0,,0,4,
2024,Guanabano,Permanente,12.0,0.0,152.0,304000.0,,1,165,2.0
2024,Guayabo,Permanente,0.0,0.0,0.0,0.0,,0,84,
2024,Haba Grano Seco,Transitorio,611.0,794.0,606.0,1847140.0,0.7951185861139235,27,102,3.0480858085808578
2024,Haba Grano Verde,Transitorio,0.0,0.0,0.0,0.0,,0,48,
2024,Higuera,Permanente,0.0,0.0,0.0,0.0,,0,72,
2024,Lima,Permanente,0.0,0.0,0.0,0.0,,0,96,
2024,Limon Dulce,Permanente,0.0,0.0,0.0,0.0,,0,72,
2024,Limon Sutil,Permanente,90.0,0.0,230852.0,223935370.0,,433,541,0.9700386827924384
2024,Limon Tahiti,Permanente,190.0,0.0,15733.0,17830130.0,,37,49,1.133294985063243
2024,Lucumo,Permanente,0.0,0.0,291.0,309650.0,,68,204,1.0640893470790378
2024,Maiz Amarillo Duro,Transitorio,18213.0,15662.0,54645.0,90747610.0,3.879507849830461,235,565,1.6606754506359225
2024,Maiz Amilaceo,Transitorio,13043.0,14408.0,14835.0,33253220.0,1.0081929189856864,45,192,2.24153825412875
2024,Maiz Choclo,Transitorio,230.0,236.0,1053.0,1545790.0,4.0,34,182,1.4679867046533712
2024,Mamey,Permanente,0.0,0.0,16.0,32000.0,,1,144,2.0
2024,Mango,Permanente,1480.0,0.0,228228.0,122597420.0,,96,445,0.5371708116444959
2024,Mani  Para Fruta,Transitorio,432.0,432.0,419.0,2493100.0,1.1516232775161348,14,83,5.950119331742244
2024,Mani Fruta,Transitorio,5.0,5.0,4.0,14000.0,0.8,1,5,3.5
2024,Maracuya,Permanente,43.0,0.0,13358.0,21045310.0,,188,290,1.575483605330139
2024,Marigold,Permanente,5.0,0.0,90.0,54900.0,,1,81,0.61
2024,Melon,Transitorio,72.0,81.0,1239.0,1257290.0,17.9093567251462,19,74,1.014761904761905
2024,Nabo,Transitorio,0.0,0.0,0.0,0.0,,0,12,
2024,Naranjo,Permanente,0.0,0.0,2574.0,2477490.0,,146,384,0.9625058275058275
2024,Nispero,Permanente,0.0,0.0,0.0,0.0,,0,108,
2024,Oca,Transitorio,460.0,532.0,1711.0,3960050.0,2.50254142019804,23,122,2.314465225014611
2024,Olluco,Transitorio,388.0,501.0,1831.0,4120580.0,3.0267444271765656,22,123,2.2504533042053523
2024,Otros Pastos,Permanente,0.0,0.0,70534.0,16584820.0,,170,258,0.235132276632546
2024,Pacae O Guabo,Permanente,0.0,0.0,169.0,18590.0,,1,336,0.11
2024,Palto,Permanente,120.0,0.0,7530.0,13448040.0,,135,384,1.7859282868525899
2024,Papa (Agrupa Mejoradas Y Nativas),Transitorio,2478.0,2433.0,27903.0,33404010.0,11.90570450142215,82,177,1.1971476185356413
2024,Papaya,Permanente,33.0,0.0,2566.0,4349130.0,,140,248,1.6949064692127827
2024,Paprika,Transitorio,413.0,397.0,2438.0,23155000.0,5.796669422531492,29,153,9.497538966365873
2024,Pasto Elefante,Permanente,79.0,0.0,76025.0,13388520.0,,274,428,0.17610680697139097
2024,Pasto Sudan,Permanente,0.0,0.0,20.0,6000.0,,1,72,0.3
2024,Pepinillo (Cucumis Sativus),Transitorio,0.0,0.0,0.0,0.0,,0,12,
2024,Pi A,Permanente,0.0,0.0,0.0,0.0,,0,12,
2024,Pimiento,Transitorio,64.0,0.0,0.0,0.0,,0,63,
2024,Piquillo (T.),Transitorio,1104.0,1074.0,7876.0,44795470.0,7.219763313609468,5,83,5.687591416962926
2024,Pitahaya,Permanente,24.0,0.0,1651.0,4801200.0,,43,91,2.908055723803755
2024,Platanos Y Bananas Para Cocci N (M X Paradisiaca),Permanente,937.0,0.0,321242.0,364916780.0,,570,613,1.135956008243007
2024,Quinua,Transitorio,0.0,0.0,0.0,0.0,,0,36,
2024,Rabano,Transitorio,0.0,0.0,0.0,0.0,,0,24,
2024,Sandia,Transitorio,757.0,763.0,28085.0,24290950.0,36.66681488801054,66,217,0.864908314046644
2024,Sorgo Escobero,Transitorio,26.0,26.0,129.0,129000.0,4.666666666666667,3,35,1.0
2024,Sorgo Grano,Transitorio,56.0,50.0,205.0,227500.0,4.1,5,15,1.1097560975609757
2024,Soya,Transitorio,632.0,532.0,1236.0,3184060.0,2.2709022906021157,19,111,2.576100323624596
2024,Tamarindo,Permanente,2.0,0.0,1593.0,4006500.0,,36,228,2.515065913370998
2024,Taperiba,Permanente,0.0,0.0,5244.0,11925360.0,,25,96,2.274096109839817
2024,Tomate,Transitorio,94.0,94.0,1401.0,2402450.0,17.5625,16,122,1.7148108493932903
2024,Toronjo,Permanente,0.0,0.0,0.0,0.0,,0,48,
2024,Trigo Blando,Transitorio,12549.0,12568.0,14421.0,25737880.0,1.029709673594398,40,127,1.7847500173358295
2024,Tumbo,Permanente,0.0,0.0,0.0,0.0,,0,84,
2024,Tuna,Permanente,0.0,0.0,0.0,0.0,,0,144,
2024,Vid,Permanente,904.0,0.0,127525.0,495807500.0,,29,190,3.8879239364830425
2024,Yuca,Transitorio,1296.0,1277.0,10633.0,17096710.0,7.860184560442181,137,485,1.6078914699520361
2024,Zanahoria,Transitorio,126.0,142.0,595.0,992280.0,5.2585648148148145,12,50,1.6676974789915966
2024,Zapallo,Transitorio,103.0,118.0,404.0,437320.0,3.8763636363636365,11,32,1.0824752475247525
2024,Zarandaja Grano Seco,Transitorio,120.0,120.0,71.0,142000.0,0.6324675324675325,11,84,2.0
